During	O
the	O
whole	O
of	O
a	O
dull	O
,	O
dark	O
,	O
and	O
soundless	O
day	O
in	O
the	O
autumn	O
of	O
the	O
year	O
,	O
when	O
the	O
clouds	O
hung	O
oppressively	O
low	O
in	O
the	O
heavens	O
,	O
I	O
had	O
been	O
passing	O
alone	O
,	O
on	O
horseback	O
,	O
through	O
a	B-LOC
singularly	I-LOC
dreary	I-LOC
tract	I-LOC
of	I-LOC
country	I-LOC
;	O
and	O
at	O
length	O
found	O
myself	O
,	O
as	O
the	O
shades	O
of	O
the	O
evening	O
drew	O
on	O
,	O
within	O
view	O
of	O
the	B-FAC
melancholy	I-FAC
House	I-FAC
of	I-FAC
Usher	I-FAC
.	O

I	O
know	O
not	O
how	O
it	O
was	O
--	O
but	O
,	O
with	O
the	O
first	O
glimpse	O
of	O
the	B-FAC
building	I-FAC
,	O
a	O
sense	O
of	O
insufferable	O
gloom	O
pervaded	O
my	O
spirit	O
.	O

I	O
say	O
insufferable	O
;	O
for	O
the	O
feeling	O
was	O
unrelieved	O
by	O
any	O
of	O
that	O
half-pleasureable	O
,	O
because	O
poetic	O
,	O
sentiment	O
,	O
with	O
which	O
the	O
mind	O
usually	O
receives	O
even	O
the	O
sternest	O
natural	O
images	O
of	O
the	O
desolate	O
or	O
terrible	O
.	O

I	O
looked	O
upon	O
the	O
scene	O
before	O
me	O
--	O
upon	O
the	B-FAC
mere	I-FAC
house	I-FAC
,	O
and	O
the	O
simple	O
landscape	O
features	O
of	O
the	B-FAC
domain	I-FAC
--	O
upon	O
the	O
bleak	O
walls	O
--	O
upon	O
the	O
vacant	O
eye-like	O
windows	O
--	O
upon	O
a	O
few	O
rank	O
sedges	O
--	O
and	O
upon	O
a	O
few	O
white	O
trunks	O
of	O
decayed	O
trees	O
--	O
with	O
an	O
utter	O
depression	O
of	O
soul	O
which	O
I	O
can	O
compare	O
to	O
no	O
earthly	O
sensation	O
more	O
properly	O
than	O
to	O
the	O
after-dream	O
of	O
the	B-PER
reveller	I-PER
upon	O
opium	O
--	O
the	O
bitter	O
lapse	O
into	O
everyday	O
life	O
--	O
the	O
hideous	O
dropping	O
off	O
of	O
the	O
veil	O
.	O

There	O
was	O
an	O
iciness	O
,	O
a	O
sinking	O
,	O
a	O
sickening	O
of	O
the	O
heart	O
--	O
an	O
unredeemed	O
dreariness	O
of	O
thought	O
which	O
no	O
goading	O
of	O
the	O
imagination	O
could	O
torture	O
into	O
aught	O
of	O
the	O
sublime	O
.	O

What	O
was	O
it	O
--	O
I	O
paused	O
to	O
think	O
--	O
what	O
was	O
it	O
that	O
so	O
unnerved	O
me	O
in	O
the	O
contemplation	O
of	O
the	B-FAC
House	I-FAC
of	I-FAC
Usher	I-FAC
?	O

It	O
was	O
a	O
mystery	O
all	O
insoluble	O
;	O
nor	O
could	O
I	O
grapple	O
with	O
the	O
shadowy	O
fancies	O
that	O
crowded	O
upon	O
me	O
as	O
I	O
pondered	O
.	O

I	O
was	O
forced	O
to	O
fall	O
back	O
upon	O
the	O
unsatisfactory	O
conclusion	O
,	O
that	O
while	O
,	O
beyond	O
doubt	O
,	O
there	O
are	O
combinations	O
of	O
very	O
simple	O
natural	O
objects	O
which	O
have	O
the	O
power	O
of	O
thus	O
affecting	O
us	O
,	O
still	O
the	O
analysis	O
of	O
this	O
power	O
lies	O
among	O
considerations	O
beyond	O
our	O
depth	O
.	O

It	O
was	O
possible	O
,	O
I	O
reflected	O
,	O
that	O
a	O
mere	O
different	O
arrangement	O
of	O
the	O
particulars	O
of	O
the	O
scene	O
,	O
of	O
the	O
details	O
of	O
the	O
picture	O
,	O
would	O
be	O
sufficient	O
to	O
modify	O
,	O
or	O
perhaps	O
to	O
annihilate	O
its	O
capacity	O
for	O
sorrowful	O
impression	O
;	O
and	O
,	O
acting	O
upon	O
this	O
idea	O
,	O
I	O
reined	O
my	O
horse	O
to	O
the	O
precipitous	O
brink	O
of	O
a	B-LOC
black	I-LOC
and	I-LOC
lurid	I-LOC
tarn	I-LOC
that	I-LOC
lay	I-LOC
in	I-LOC
unruffled	I-LOC
lustre	I-LOC
by	I-LOC
the	I-LOC
dwelling	I-LOC
,	O
and	O
gazed	O
down	O
--	O
but	O
with	O
a	O
shudder	O
even	O
more	O
thrilling	O
than	O
before	O
--	O
upon	O
the	O
remodelled	O
and	O
inverted	O
images	O
of	O
the	O
grey	O
sedge	O
,	O
and	O
the	O
ghastly	O
tree-stems	O
,	O
and	O
the	O
vacant	O
and	O
eye-like	O
windows	O
.	O

Nevertheless	O
,	O
in	O
this	B-FAC
mansion	I-FAC
of	I-FAC
gloom	I-FAC
I	O
now	O
proposed	O
to	O
myself	O
a	O
sojourn	O
of	O
some	O
weeks	O
.	O

Its	B-PER
proprietor	I-PER
,	O
Roderick	B-PER
Usher	I-PER
,	O
had	O
been	O
one	B-PER
of	I-PER
my	I-PER
boon	I-PER
companions	I-PER
in	I-PER
boyhood	I-PER
;	O
but	O
many	O
years	O
had	O
elapsed	O
since	O
our	O
last	O
meeting	O
.	O

A	O
letter	O
,	O
however	O
,	O
had	O
lately	O
reached	O
me	O
in	O
a	B-LOC
distant	I-LOC
part	I-LOC
of	I-LOC
the	I-LOC
country	I-LOC
--	O
a	O
letter	O
from	O
him	O
--	O
which	O
,	O
in	O
its	O
wildly	O
importunate	O
nature	O
,	O
had	O
admitted	O
of	O
no	O
other	O
than	O
a	O
personal	O
reply	O
.	O

The	O
MS	O
gave	O
evidence	O
of	O
nervous	O
agitation	O
.	O

The	B-PER
writer	I-PER
spoke	O
of	O
acute	O
bodily	O
illness	O
--	O
of	O
a	O
mental	O
disorder	O
which	O
oppressed	O
him	O
--	O
and	O
of	O
an	O
earnest	O
desire	O
to	O
see	O
me	O
,	O
as	O
his	O
best	O
,	O
and	O
indeed	O
his	B-PER
only	I-PER
personal	I-PER
friend	I-PER
,	O
with	O
a	O
view	O
of	O
attempting	O
,	O
by	O
the	O
cheerfulness	O
of	O
my	O
society	O
,	O
some	O
alleviation	O
of	O
his	O
malady	O
.	O

It	O
was	O
the	O
manner	O
in	O
which	O
all	O
this	O
,	O
and	O
much	O
more	O
,	O
was	O
said	O
--	O
it	O
was	O
the	O
apparent	O
heart	O
that	O
went	O
with	O
his	O
request	O
--	O
which	O
allowed	O
me	O
no	O
room	O
for	O
hesitation	O
;	O
and	O
I	O
accordingly	O
obeyed	O
forthwith	O
what	O
I	O
still	O
considered	O
a	O
very	O
singular	O
summons	O
.	O

Although	O
,	O
as	O
boys	B-PER
,	O
we	O
had	O
been	O
even	O
intimate	O
associates	O
,	O
yet	O
I	O
really	O
knew	O
little	O
of	O
my	B-PER
friend	I-PER
.	O

His	O
reserve	O
had	O
been	O
always	O
excessive	O
and	O
habitual	O
.	O

I	O
was	O
aware	O
,	O
however	O
,	O
that	O
his	B-PER
very	I-PER
ancient	I-PER
family	I-PER
had	O
been	O
noted	O
,	O
time	O
out	O
of	O
mind	O
,	O
for	O
a	O
peculiar	O
sensibility	O
of	O
temperament	O
,	O
displaying	O
itself	O
,	O
through	O
long	O
ages	O
,	O
in	O
many	O
works	O
of	O
exalted	O
art	O
,	O
and	O
manifested	O
,	O
of	O
late	O
,	O
in	O
repeated	O
deeds	O
of	O
munificent	O
yet	O
unobtrusive	O
charity	O
,	O
as	O
well	O
as	O
in	O
a	O
passionate	O
devotion	O
to	O
the	O
intricacies	O
,	O
perhaps	O
even	O
more	O
than	O
to	O
the	O
orthodox	O
and	O
easily	O
recognisable	O
beauties	O
of	O
musical	O
science	O
.	O

I	O
had	O
learned	O
,	O
too	O
,	O
the	O
very	O
remarkable	O
fact	O
,	O
that	O
the	O
stem	O
of	O
the	B-PER
Usher	I-PER
race	I-PER
,	O
all	O
time-honoured	O
as	O
it	O
was	O
,	O
had	O
put	O
forth	O
,	O
at	O
no	O
period	O
,	O
any	O
enduring	O
branch	O
;	O
in	O
other	O
words	O
,	O
that	O
the	B-PER
entire	I-PER
family	I-PER
lay	O
in	O
the	O
direct	O
line	O
of	O
descent	O
,	O
and	O
had	O
always	O
,	O
with	O
very	O
trifling	O
and	O
very	O
temporary	O
variation	O
,	O
so	O
lain	O
.	O

It	O
was	O
this	O
deficiency	O
,	O
I	O
considered	O
,	O
while	O
running	O
over	O
in	O
thought	O
the	O
perfect	O
keeping	O
of	O
the	O
character	O
of	O
the	B-FAC
premises	I-FAC
with	O
the	O
accredited	O
character	O
of	O
the	B-PER
people	I-PER
,	O
and	O
while	O
speculating	O
upon	O
the	O
possible	O
influence	O
which	O
the	O
one	O
,	O
in	O
the	O
long	O
lapse	O
of	O
centuries	O
,	O
might	O
have	O
exercised	O
upon	O
the	O
other	O
--	O
it	O
was	O
this	O
deficiency	O
,	O
perhaps	O
,	O
of	O
collateral	O
issue	O
,	O
and	O
the	O
consequent	O
undeviating	O
transmission	O
,	O
from	O
sire	B-PER
to	O
son	B-PER
,	O
of	O
the	O
patrimony	O
with	O
the	O
name	O
,	O
which	O
had	O
,	O
at	O
length	O
,	O
so	O
identified	O
the	O
two	O
as	O
to	O
merge	O
the	O
original	O
title	O
of	O
the	B-FAC
estate	I-FAC
in	O
the	O
quaint	O
and	O
equivocal	O
appellation	O
of	O
the	O
"	O
House	B-FAC
of	I-FAC
Usher	I-FAC
"	O
--	O
an	O
appellation	O
which	O
seemed	O
to	O
include	O
,	O
in	O
the	O
minds	O
of	O
the	B-PER
peasantry	I-PER
who	I-PER
used	I-PER
it	I-PER
,	O
both	O
the	B-PER
family	I-PER
and	O
the	B-FAC
family	I-FAC
mansion	I-FAC
.	O

I	O
have	O
said	O
that	O
the	O
sole	O
effect	O
of	O
my	O
somewhat	O
childish	O
experiment	O
--	O
that	O
of	O
looking	O
down	O
within	O
the	B-LOC
tarn	I-LOC
--	O
had	O
been	O
to	O
deepen	O
the	O
first	O
singular	O
impression	O
.	O

There	O
can	O
be	O
no	O
doubt	O
that	O
the	O
consciousness	O
of	O
the	O
rapid	O
increase	O
of	O
my	O
superstition	O
--	O
for	O
why	O
should	O
I	O
not	O
so	O
term	O
it	O
?	O

--	O
served	O
mainly	O
to	O
accelerate	O
the	O
increase	O
itself	O
.	O

Such	O
,	O
I	O
have	O
long	O
known	O
,	O
is	O
the	O
paradoxical	O
law	O
of	O
all	O
sentiments	O
having	O
terror	O
as	O
a	O
basis	O
.	O

And	O
it	O
might	O
have	O
been	O
for	O
this	O
reason	O
only	O
,	O
that	O
,	O
when	O
I	O
again	O
uplifted	O
my	O
eyes	O
to	O
the	B-FAC
house	I-FAC
itself	I-FAC
,	O
from	O
its	O
image	O
in	O
the	B-LOC
pool	I-LOC
,	O
there	O
grew	O
in	O
my	O
mind	O
a	O
strange	O
fancy	O
--	O
a	O
fancy	O
so	O
ridiculous	O
,	O
indeed	O
,	O
that	O
I	O
but	O
mention	O
it	O
to	O
show	O
the	O
vivid	O
force	O
of	O
the	O
sensations	O
which	O
oppressed	O
me	O
.	O

I	O
had	O
so	O
worked	O
upon	O
my	O
imagination	O
as	O
really	O
to	O
believe	O
that	O
about	O
the	B-FAC
whole	I-FAC
mansion	I-FAC
and	O
domain	B-FAC
there	O
hung	O
an	O
atmosphere	O
peculiar	O
to	O
themselves	O
and	O
their	O
immediate	O
vicinity	O
--	O
an	O
atmosphere	O
which	O
had	O
no	O
affinity	O
with	O
the	O
air	O
of	O
heaven	O
,	O
but	O
which	O
had	O
reeked	O
up	O
from	O
the	O
decayed	O
trees	O
,	O
and	O
the	O
grey	O
wall	O
,	O
and	O
the	B-LOC
silent	I-LOC
tarn	I-LOC
--	O
a	O
pestilent	O
and	O
mystic	O
vapour	O
,	O
dull	O
,	O
sluggish	O
,	O
faintly	O
discernible	O
,	O
and	O
leaden-hued	O
.	O

Shaking	O
off	O
from	O
my	O
spirit	O
what	O
must	O
have	O
been	O
a	O
dream	O
,	O
I	O
scanned	O
more	O
narrowly	O
the	O
real	O
aspect	O
of	O
the	B-FAC
building	I-FAC
.	O

Its	O
principal	O
feature	O
seemed	O
to	O
be	O
that	O
of	O
an	O
excessive	O
antiquity	O
.	O

The	O
discoloration	O
of	O
ages	O
had	O
been	O
great	O
.	O

Minute	O
fungi	O
overspread	O
the	B-FAC
whole	I-FAC
exterior	I-FAC
,	O
hanging	O
in	O
a	O
fine	O
tangled	O
web-work	O
from	O
the	O
eaves	O
.	O

Yet	O
all	O
this	O
was	O
apart	O
from	O
any	O
extraordinary	O
dilapidation	O
.	O

No	O
portion	O
of	O
the	O
masonry	O
had	O
fallen	O
;	O
and	O
there	O
appeared	O
to	O
be	O
a	O
wild	O
inconsistency	O
between	O
its	O
still	O
perfect	O
adaptation	O
of	O
parts	O
,	O
and	O
the	O
crumbling	O
condition	O
of	O
the	O
individual	O
stones	O
.	O

In	O
this	O
there	O
was	O
much	O
that	O
reminded	O
me	O
of	O
the	O
specious	O
totality	O
of	O
old	O
wood-work	O
which	O
has	O
rotted	O
for	O
long	O
years	O
in	O
some	O
neglected	O
vault	O
,	O
with	O
no	O
disturbance	O
from	O
the	O
breath	O
of	O
the	O
external	O
air	O
.	O

Beyond	O
this	O
indication	O
of	O
extensive	O
decay	O
,	O
however	O
,	O
the	O
fabric	O
gave	O
little	O
token	O
of	O
instability	O
.	O

Perhaps	O
the	O
eye	O
of	O
a	B-PER
scrutinizing	I-PER
observer	I-PER
might	O
have	O
discovered	O
a	O
barely	O
perceptible	O
fissure	O
,	O
which	O
,	O
extending	O
from	O
the	O
roof	O
of	O
the	B-FAC
building	I-FAC
in	I-FAC
front	I-FAC
,	O
made	O
its	O
way	O
down	O
the	O
wall	O
in	O
a	O
zigzag	O
direction	O
,	O
until	O
it	O
became	O
lost	O
in	O
the	B-LOC
sullen	I-LOC
waters	I-LOC
of	I-LOC
the	I-LOC
tarn	I-LOC
.	O

Noticing	O
these	O
things	O
,	O
I	O
rode	O
over	O
a	B-FAC
short	I-FAC
causeway	I-FAC
to	O
the	B-FAC
house	I-FAC
.	O

A	B-PER
servant	I-PER
in	I-PER
waiting	I-PER
took	O
my	O
horse	O
,	O
and	O
I	O
entered	O
the	B-FAC
Gothic	I-FAC
archway	I-FAC
of	I-FAC
the	I-FAC
hall	I-FAC
.	O

A	B-PER
valet	I-PER
,	I-PER
of	I-PER
stealthy	I-PER
step	I-PER
,	O
thence	O
conducted	O
me	O
,	O
in	O
silence	O
,	O
through	O
many	B-FAC
dark	I-FAC
and	I-FAC
intricate	I-FAC
passages	I-FAC
in	O
my	O
progress	O
to	O
the	B-FAC
studio	I-FAC
of	I-FAC
his	I-FAC
master	I-FAC
.	O

Much	O
that	O
I	O
encountered	O
on	O
the	O
way	O
contributed	O
,	O
I	O
know	O
not	O
how	O
,	O
to	O
heighten	O
the	O
vague	O
sentiments	O
of	O
which	O
I	O
have	O
already	O
spoken	O
.	O

While	O
the	O
objects	O
around	O
me	O
--	O
while	O
the	O
carvings	O
of	O
the	O
ceilings	O
,	O
the	O
sombre	O
tapestries	O
of	O
the	O
walls	O
,	O
the	O
ebon	O
blackness	O
of	O
the	O
floors	O
,	O
and	O
the	O
phantasmagoric	O
armorial	O
trophies	O
which	O
rattled	O
as	O
I	O
strode	O
,	O
were	O
but	O
matters	O
to	O
which	O
,	O
or	O
to	O
such	O
as	O
which	O
,	O
I	O
had	O
been	O
accustomed	O
from	O
my	O
infancy	O
--	O
while	O
I	O
hesitated	O
not	O
to	O
acknowledge	O
how	O
familiar	O
was	O
all	O
this	O
--	O
I	O
still	O
wondered	O
to	O
find	O
how	O
unfamiliar	O
were	O
the	O
fancies	O
which	O
ordinary	O
images	O
were	O
stirring	O
up	O
.	O

On	O
one	B-FAC
of	I-FAC
the	I-FAC
staircases	I-FAC
,	O
I	O
met	O
the	B-PER
physician	I-PER
of	I-PER
the	I-PER
family	I-PER
.	O

His	O
countenance	O
,	O
I	O
thought	O
,	O
wore	O
a	O
mingled	O
expression	O
of	O
low	O
cunning	O
and	O
perplexity	O
.	O

He	O
accosted	O
me	O
with	O
trepidation	O
and	O
passed	O
on	O
.	O

The	B-PER
valet	I-PER
now	O
threw	O
open	O
a	O
door	O
and	O
ushered	O
me	O
into	O
the	O
presence	O
of	O
his	B-PER
master	I-PER
.	O

The	B-FAC
room	I-FAC
in	I-FAC
which	I-FAC
I	I-FAC
found	I-FAC
myself	I-FAC
was	O
very	O
large	O
and	O
lofty	O
.	O

The	O
windows	O
were	O
long	O
,	O
narrow	O
,	O
and	O
pointed	O
,	O
and	O
at	O
so	O
vast	O
a	O
distance	O
from	O
the	O
black	O
oaken	O
floor	O
as	O
to	O
be	O
altogether	O
inaccessible	O
from	O
within	O
.	O

Feeble	O
gleams	O
of	O
encrimsoned	O
light	O
made	O
their	O
way	O
through	O
the	O
trellised	O
panes	O
,	O
and	O
served	O
to	O
render	O
sufficiently	O
distinct	O
the	O
more	O
prominent	O
objects	O
around	O
;	O
the	O
eye	O
,	O
however	O
,	O
struggled	O
in	O
vain	O
to	O
reach	O
the	O
remoter	O
angles	O
of	O
the	B-FAC
chamber	I-FAC
,	O
or	O
the	O
recesses	O
of	O
the	O
vaulted	O
and	O
fretted	O
ceiling	O
.	O

Dark	O
draperies	O
hung	O
upon	O
the	O
walls	O
.	O

The	O
general	O
furniture	O
was	O
profuse	O
,	O
comfortless	O
,	O
antique	O
,	O
and	O
tattered	O
.	O

Many	O
books	O
and	O
musical	O
instruments	O
lay	O
scattered	O
about	O
,	O
but	O
failed	O
to	O
give	O
any	O
vitality	O
to	O
the	O
scene	O
.	O

I	O
felt	O
that	O
I	O
breathed	O
an	O
atmosphere	O
of	O
sorrow	O
.	O

An	O
air	O
of	O
stern	O
,	O
deep	O
,	O
and	O
irredeemable	O
gloom	O
hung	O
over	O
and	O
pervaded	O
all	O
.	O

Upon	O
my	O
entrance	O
,	O
Usher	B-PER
rose	O
from	O
a	O
sofa	O
on	O
which	O
he	O
had	O
been	O
lying	O
at	O
full	O
length	O
,	O
and	O
greeted	O
me	O
with	O
a	O
vivacious	O
warmth	O
which	O
had	O
much	O
in	O
it	O
,	O
I	O
at	O
first	O
thought	O
,	O
of	O
an	O
overdone	O
cordiality	O
--	O
of	O
the	O
constrained	O
effort	O
of	O
the	B-PER
ennuye	I-PER
man	I-PER
of	I-PER
the	I-PER
world	I-PER
.	O

A	O
glance	O
,	O
however	O
,	O
at	O
his	O
countenance	O
,	O
convinced	O
me	O
of	O
his	O
perfect	O
sincerity	O
.	O

We	O
sat	O
down	O
;	O
and	O
for	O
some	O
moments	O
,	O
while	O
he	O
spoke	O
not	O
,	O
I	O
gazed	O
upon	O
him	O
with	O
a	O
feeling	O
half	O
of	O
pity	O
,	O
half	O
of	O
awe	O
.	O

Surely	O
,	O
man	B-PER
had	O
never	O
before	O
so	O
terribly	O
altered	O
,	O
in	O
so	O
brief	O
a	O
period	O
,	O
as	O
had	O
Roderick	B-PER
Usher	I-PER
!	O

It	O
was	O
with	O
difficulty	O
that	O
I	O
could	O
bring	O
myself	O
to	O
admit	O
the	O
identity	O
of	O
the	B-PER
wan	I-PER
being	I-PER
before	I-PER
me	I-PER
with	O
the	B-PER
companion	I-PER
of	I-PER
my	I-PER
early	I-PER
boyhood	I-PER
.	O

Yet	O
the	O
character	O
of	O
his	O
face	O
had	O
been	O
at	O
all	O
times	O
remarkable	O
.	O

A	O
cadaverousness	O
of	O
complexion	O
;	O
an	O
eye	O
large	O
,	O
liquid	O
,	O
and	O
luminous	O
beyond	O
comparison	O
;	O
lips	O
somewhat	O
thin	O
and	O
very	O
pallid	O
,	O
but	O
of	O
a	O
surpassingly	O
beautiful	O
curve	O
;	O
a	O
nose	O
of	O
a	O
delicate	O
Hebrew	O
model	O
,	O
but	O
with	O
a	O
breadth	O
of	O
nostril	O
unusual	O
in	O
similar	O
formations	O
;	O
a	O
finely-moulded	O
chin	O
,	O
speaking	O
,	O
in	O
its	O
want	O
of	O
prominence	O
,	O
of	O
a	O
want	O
of	O
moral	O
energy	O
;	O
hair	O
of	O
a	O
more	O
than	O
web-like	O
softness	O
and	O
tenuity	O
;	O
these	O
features	O
,	O
with	O
an	O
inordinate	O
expansion	O
above	O
the	O
regions	O
of	O
the	O
temple	O
,	O
made	O
up	O
altogether	O
a	O
countenance	O
not	O
easily	O
to	O
be	O
forgotten	O
.	O

And	O
now	O
in	O
the	O
mere	O
exaggeration	O
of	O
the	O
prevailing	O
character	O
of	O
these	O
features	O
,	O
and	O
of	O
the	O
expression	O
they	O
were	O
wont	O
to	O
convey	O
,	O
lay	O
so	O
much	O
of	O
change	O
that	O
I	O
doubted	O
to	O
whom	O
I	O
spoke	O
.	O

The	O
now	O
ghastly	O
pallor	O
of	O
the	O
skin	O
,	O
and	O
the	O
now	O
miraculous	O
lustre	O
of	O
the	O
eye	O
,	O
above	O
all	O
things	O
startled	O
and	O
even	O
awed	O
me	O
.	O

The	O
silken	O
hair	O
,	O
too	O
,	O
had	O
been	O
suffered	O
to	O
grow	O
all	O
unheeded	O
,	O
and	O
as	O
,	O
in	O
its	O
wild	O
gossamer	O
texture	O
,	O
it	O
floated	O
rather	O
than	O
fell	O
about	O
the	O
face	O
,	O
I	O
could	O
not	O
,	O
even	O
with	O
effort	O
,	O
connect	O
its	O
Arabesque	O
expression	O
with	O
any	O
idea	O
of	O
simple	O
humanity	O
.	O

In	NULL
the	NULL
manner	NULL
of	NULL
my	NULL
friend	NULL
I	NULL
was	NULL
at	NULL
once	NULL
struck	NULL
with	NULL
an	NULL
incoherence	NULL
--	NULL
an	NULL
inconsistency	NULL
;	NULL
and	NULL
I	NULL
soon	NULL
found	NULL
this	NULL
to	NULL
arise	NULL
from	NULL
a	NULL
series	NULL
of	NULL
feeble	NULL
and	NULL
futile	NULL
struggles	NULL
to	NULL
overcome	NULL
an	NULL
habitual	NULL
trepidancy	NULL
--	NULL
an	NULL
excessive	NULL
nervous	NULL
agitation	NULL
.	NULL

For	NULL
something	NULL
of	NULL
this	NULL
nature	NULL
I	NULL
had	NULL
indeed	NULL
been	NULL
prepared	NULL
,	NULL
no	NULL
less	NULL
by	NULL
his	NULL
letter	NULL
,	NULL
than	NULL
by	NULL
reminiscences	NULL
of	NULL
certain	NULL
boyish	NULL
traits	NULL
,	NULL
and	NULL
by	NULL
conclusions	NULL
deduced	NULL
from	NULL
his	NULL
peculiar	NULL
physical	NULL
conformation	NULL
and	NULL
temperament	NULL
.	NULL

His	NULL
action	NULL
was	NULL
alternately	NULL
vivacious	NULL
and	NULL
sullen	NULL
.	NULL

His	NULL
voice	NULL
varied	NULL
rapidly	NULL
from	NULL
a	NULL
tremulous	NULL
indecision	NULL
(	NULL
when	NULL
the	NULL
animal	NULL
spirits	NULL
seemed	NULL
utterly	NULL
in	NULL
abeyance	NULL
)	NULL
to	NULL
that	NULL
species	NULL
of	NULL
energetic	NULL
concision	NULL
--	NULL
that	NULL
abrupt	NULL
,	NULL
weighty	NULL
,	NULL
unhurried	NULL
,	NULL
and	NULL
hollow-sounding	NULL
enunciation	NULL
--	NULL
that	NULL
leaden	NULL
,	NULL
self-balanced	NULL
and	NULL
perfectly	NULL
modulated	NULL
guttural	NULL
utterance	NULL
,	NULL
which	NULL
may	NULL
be	NULL
observed	NULL
in	NULL
the	NULL
lost	NULL
drunkard	NULL
,	NULL
or	NULL
the	NULL
irreclaimable	NULL
eater	NULL
of	NULL
opium	NULL
,	NULL
during	NULL
the	NULL
periods	NULL
of	NULL
his	NULL
most	NULL
intense	NULL
excitement	NULL
.	NULL

It	NULL
was	NULL
thus	NULL
that	NULL
he	NULL
spoke	NULL
of	NULL
the	NULL
object	NULL
of	NULL
my	NULL
visit	NULL
,	NULL
of	NULL
his	NULL
earnest	NULL
desire	NULL
to	NULL
see	NULL
me	NULL
,	NULL
and	NULL
of	NULL
the	NULL
solace	NULL
he	NULL
expected	NULL
me	NULL
to	NULL
afford	NULL
him	NULL
.	NULL

He	NULL
entered	NULL
,	NULL
at	NULL
some	NULL
length	NULL
,	NULL
into	NULL
what	NULL
he	NULL
conceived	NULL
to	NULL
be	NULL
the	NULL
nature	NULL
of	NULL
his	NULL
malady	NULL
.	NULL

It	NULL
was	NULL
,	NULL
he	NULL
said	NULL
,	NULL
a	NULL
constitutional	NULL
and	NULL
a	NULL
family	NULL
evil	NULL
,	NULL
and	NULL
one	NULL
for	NULL
which	NULL
he	NULL
despaired	NULL
to	NULL
find	NULL
a	NULL
remedy	NULL
--	NULL
a	NULL
mere	NULL
nervous	NULL
affection	NULL
,	NULL
he	NULL
immediately	NULL
added	NULL
,	NULL
which	NULL
would	NULL
undoubtedly	NULL
soon	NULL
pass	NULL
off	NULL
.	NULL

It	NULL
displayed	NULL
itself	NULL
in	NULL
a	NULL
host	NULL
of	NULL
unnatural	NULL
sensations	NULL
.	NULL

Some	NULL
of	NULL
these	NULL
,	NULL
as	NULL
he	NULL
detailed	NULL
them	NULL
,	NULL
interested	NULL
and	NULL
bewildered	NULL
me	NULL
;	NULL
although	NULL
,	NULL
perhaps	NULL
,	NULL
the	NULL
terms	NULL
,	NULL
and	NULL
the	NULL
general	NULL
manner	NULL
of	NULL
the	NULL
narration	NULL
had	NULL
their	NULL
weight	NULL
.	NULL

He	NULL
suffered	NULL
much	NULL
from	NULL
a	NULL
morbid	NULL
acuteness	NULL
of	NULL
the	NULL
senses	NULL
;	NULL
the	NULL
most	NULL
insipid	NULL
food	NULL
was	NULL
alone	NULL
endurable	NULL
;	NULL
he	NULL
could	NULL
wear	NULL
only	NULL
garments	NULL
of	NULL
certain	NULL
texture	NULL
;	NULL
the	NULL
odours	NULL
of	NULL
all	NULL
flowers	NULL
were	NULL
oppressive	NULL
;	NULL
his	NULL
eyes	NULL
were	NULL
tortured	NULL
by	NULL
even	NULL
a	NULL
faint	NULL
light	NULL
;	NULL
and	NULL
there	NULL
were	NULL
but	NULL
peculiar	NULL
sounds	NULL
,	NULL
and	NULL
these	NULL
from	NULL
stringed	NULL
instruments	NULL
,	NULL
which	NULL
did	NULL
not	NULL
inspire	NULL
him	NULL
with	NULL
horror	NULL
.	NULL

To	NULL
an	NULL
anomalous	NULL
species	NULL
of	NULL
terror	NULL
I	NULL
found	NULL
him	NULL
a	NULL
bounden	NULL
slave	NULL
.	NULL

"	NULL
I	NULL
shall	NULL
perish	NULL
,	NULL
"	NULL
said	NULL
he	NULL
,	NULL
"	NULL
I	NULL
must	NULL
perish	NULL
in	NULL
this	NULL
deplorable	NULL
folly	NULL
.	NULL

Thus	NULL
,	NULL
thus	NULL
,	NULL
and	NULL
not	NULL
otherwise	NULL
,	NULL
shall	NULL
I	NULL
be	NULL
lost	NULL
.	NULL

I	NULL
dread	NULL
the	NULL
events	NULL
of	NULL
the	NULL
future	NULL
,	NULL
not	NULL
in	NULL
themselves	NULL
,	NULL
but	NULL
in	NULL
their	NULL
results	NULL
.	NULL

I	NULL
shudder	NULL
at	NULL
the	NULL
thought	NULL
of	NULL
any	NULL
,	NULL
even	NULL
the	NULL
most	NULL
trivial	NULL
,	NULL
incident	NULL
,	NULL
which	NULL
may	NULL
operate	NULL
upon	NULL
this	NULL
intolerable	NULL
agitation	NULL
of	NULL
soul	NULL
.	NULL

I	NULL
have	NULL
,	NULL
indeed	NULL
,	NULL
no	NULL
abhorrence	NULL
of	NULL
danger	NULL
,	NULL
except	NULL
in	NULL
its	NULL
absolute	NULL
effect	NULL
--	NULL
in	NULL
terror	NULL
.	NULL

In	NULL
this	NULL
unnerved	NULL
--	NULL
in	NULL
this	NULL
pitiable	NULL
condition	NULL
--	NULL
I	NULL
feel	NULL
that	NULL
the	NULL
period	NULL
will	NULL
sooner	NULL
or	NULL
later	NULL
arrive	NULL
when	NULL
I	NULL
must	NULL
abandon	NULL
life	NULL
and	NULL
reason	NULL
together	NULL
,	NULL
in	NULL
some	NULL
struggle	NULL
with	NULL
the	NULL
grim	NULL
phantasm	NULL
,	NULL
FEAR	NULL
.	NULL
"	NULL

I	NULL
learned	NULL
,	NULL
moreover	NULL
,	NULL
at	NULL
intervals	NULL
,	NULL
and	NULL
through	NULL
broken	NULL
and	NULL
equivocal	NULL
hints	NULL
,	NULL
another	NULL
singular	NULL
feature	NULL
of	NULL
his	NULL
mental	NULL
condition	NULL
.	NULL

He	NULL
was	NULL
enchained	NULL
by	NULL
certain	NULL
superstitious	NULL
impressions	NULL
in	NULL
regard	NULL
to	NULL
the	NULL
dwelling	NULL
which	NULL
he	NULL
tenanted	NULL
,	NULL
and	NULL
whence	NULL
,	NULL
for	NULL
many	NULL
years	NULL
,	NULL
he	NULL
had	NULL
never	NULL
ventured	NULL
forth	NULL
--	NULL
in	NULL
regard	NULL
to	NULL
an	NULL
influence	NULL
whose	NULL
supposititious	NULL
force	NULL
was	NULL
conveyed	NULL
in	NULL
terms	NULL
too	NULL
shadowy	NULL
here	NULL
to	NULL
be	NULL
re-stated	NULL
--	NULL
an	NULL
influence	NULL
which	NULL
some	NULL
peculiarities	NULL
in	NULL
the	NULL
mere	NULL
form	NULL
and	NULL
substance	NULL
of	NULL
his	NULL
family	NULL
mansion	NULL
,	NULL
had	NULL
,	NULL
by	NULL
dint	NULL
of	NULL
long	NULL
sufferance	NULL
,	NULL
he	NULL
said	NULL
,	NULL
obtained	NULL
over	NULL
his	NULL
spirit	NULL
--	NULL
an	NULL
effect	NULL
which	NULL
the	NULL
physique	NULL
of	NULL
the	NULL
grey	NULL
walls	NULL
and	NULL
turrets	NULL
,	NULL
and	NULL
of	NULL
the	NULL
dim	NULL
tarn	NULL
into	NULL
which	NULL
they	NULL
all	NULL
looked	NULL
down	NULL
,	NULL
had	NULL
,	NULL
at	NULL
length	NULL
,	NULL
brought	NULL
about	NULL
upon	NULL
the	NULL
morale	NULL
of	NULL
his	NULL
existence	NULL
.	NULL

He	NULL
admitted	NULL
,	NULL
however	NULL
,	NULL
although	NULL
with	NULL
hesitation	NULL
,	NULL
that	NULL
much	NULL
of	NULL
the	NULL
peculiar	NULL
gloom	NULL
which	NULL
thus	NULL
afflicted	NULL
him	NULL
could	NULL
be	NULL
traced	NULL
to	NULL
a	NULL
more	NULL
natural	NULL
and	NULL
far	NULL
more	NULL
palpable	NULL
origin	NULL
--	NULL
to	NULL
the	NULL
severe	NULL
and	NULL
long-continued	NULL
illness	NULL
--	NULL
indeed	NULL
to	NULL
the	NULL
evidently	NULL
approaching	NULL
dissolution	NULL
--	NULL
of	NULL
a	NULL
tenderly	NULL
beloved	NULL
sister	NULL
--	NULL
his	NULL
sole	NULL
companion	NULL
for	NULL
long	NULL
years	NULL
--	NULL
his	NULL
last	NULL
and	NULL
only	NULL
relative	NULL
on	NULL
earth	NULL
.	NULL

"	NULL
Her	NULL
decease	NULL
,	NULL
"	NULL
he	NULL
said	NULL
,	NULL
with	NULL
a	NULL
bitterness	NULL
which	NULL
I	NULL
can	NULL
never	NULL
forget	NULL
,	NULL
"	NULL
would	NULL
leave	NULL
him	NULL
(	NULL
him	NULL
the	NULL
hopeless	NULL
and	NULL
the	NULL
frail	NULL
)	NULL
the	NULL
last	NULL
of	NULL
the	NULL
ancient	NULL
race	NULL
of	NULL
the	NULL
Ushers	NULL
.	NULL
"	NULL

While	NULL
he	NULL
spoke	NULL
,	NULL
the	NULL
lady	NULL
Madeline	NULL
(	NULL
for	NULL
so	NULL
was	NULL
she	NULL
called	NULL
)	NULL
passed	NULL
slowly	NULL
through	NULL
a	NULL
remote	NULL
portion	NULL
of	NULL
the	NULL
apartment	NULL
,	NULL
and	NULL
,	NULL
without	NULL
having	NULL
noticed	NULL
my	NULL
presence	NULL
,	NULL
disappeared	NULL
.	NULL

I	NULL
regarded	NULL
her	NULL
with	NULL
an	NULL
utter	NULL
astonishment	NULL
not	NULL
unmingled	NULL
with	NULL
dread	NULL
--	NULL
and	NULL
yet	NULL
I	NULL
found	NULL
it	NULL
impossible	NULL
to	NULL
account	NULL
for	NULL
such	NULL
feelings	NULL
.	NULL

A	NULL
sensation	NULL
of	NULL
stupor	NULL
oppressed	NULL
me	NULL
,	NULL
as	NULL
my	NULL
eyes	NULL
followed	NULL
her	NULL
retreating	NULL
steps	NULL
.	NULL

When	NULL
a	NULL
door	NULL
,	NULL
at	NULL
length	NULL
,	NULL
closed	NULL
upon	NULL
her	NULL
,	NULL
my	NULL
glance	NULL
sought	NULL
instinctively	NULL
and	NULL
eagerly	NULL
the	NULL
countenance	NULL
of	NULL
the	NULL
brother	NULL
--	NULL
but	NULL
he	NULL
had	NULL
buried	NULL
his	NULL
face	NULL
in	NULL
his	NULL
hands	NULL
,	NULL
and	NULL
I	NULL
could	NULL
only	NULL
perceive	NULL
that	NULL
a	NULL
far	NULL
more	NULL
than	NULL
ordinary	NULL
wanness	NULL
had	NULL
overspread	NULL
the	NULL
emaciated	NULL
fingers	NULL
through	NULL
which	NULL
trickled	NULL
many	NULL
passionate	NULL
tears	NULL
.	NULL

The	NULL
disease	NULL
of	NULL
the	NULL
lady	NULL
Madeline	NULL
had	NULL
long	NULL
baffled	NULL
the	NULL
skill	NULL
of	NULL
her	NULL
physicians	NULL
.	NULL

A	NULL
settled	NULL
apathy	NULL
,	NULL
a	NULL
gradual	NULL
wasting	NULL
away	NULL
of	NULL
the	NULL
person	NULL
,	NULL
and	NULL
frequent	NULL
although	NULL
transient	NULL
affections	NULL
of	NULL
a	NULL
partially	NULL
cataleptical	NULL
character	NULL
,	NULL
were	NULL
the	NULL
unusual	NULL
diagnosis	NULL
.	NULL

Hitherto	NULL
she	NULL
had	NULL
steadily	NULL
borne	NULL
up	NULL
against	NULL
the	NULL
pressure	NULL
of	NULL
her	NULL
malady	NULL
,	NULL
and	NULL
had	NULL
not	NULL
betaken	NULL
herself	NULL
finally	NULL
to	NULL
bed	NULL
;	NULL
but	NULL
,	NULL
on	NULL
the	NULL
closing	NULL
in	NULL
of	NULL
the	NULL
evening	NULL
of	NULL
my	NULL
arrival	NULL
at	NULL
the	NULL
house	NULL
,	NULL
she	NULL
succumbed	NULL
(	NULL
as	NULL
her	NULL
brother	NULL
told	NULL
me	NULL
at	NULL
night	NULL
with	NULL
inexpressible	NULL
agitation	NULL
)	NULL
to	NULL
the	NULL
prostrating	NULL
power	NULL
of	NULL
the	NULL
destroyer	NULL
;	NULL
and	NULL
I	NULL
learned	NULL
that	NULL
the	NULL
glimpse	NULL
I	NULL
had	NULL
obtained	NULL
of	NULL
her	NULL
person	NULL
would	NULL
thus	NULL
probably	NULL
be	NULL
the	NULL
last	NULL
I	NULL
should	NULL
obtain	NULL
--	NULL
that	NULL
the	NULL
lady	NULL
,	NULL
at	NULL
least	NULL
while	NULL
living	NULL
,	NULL
would	NULL
be	NULL
seen	NULL
by	NULL
me	NULL
no	NULL
more	NULL
.	NULL

For	NULL
several	NULL
days	NULL
ensuing	NULL
,	NULL
her	NULL
name	NULL
was	NULL
unmentioned	NULL
by	NULL
either	NULL
Usher	NULL
or	NULL
myself	NULL
:	NULL
and	NULL
during	NULL
this	NULL
period	NULL
I	NULL
was	NULL
busied	NULL
in	NULL
earnest	NULL
endeavours	NULL
to	NULL
alleviate	NULL
the	NULL
melancholy	NULL
of	NULL
my	NULL
friend	NULL
.	NULL

We	NULL
painted	NULL
and	NULL
read	NULL
together	NULL
;	NULL
or	NULL
I	NULL
listened	NULL
,	NULL
as	NULL
if	NULL
in	NULL
a	NULL
dream	NULL
,	NULL
to	NULL
the	NULL
wild	NULL
improvisations	NULL
of	NULL
his	NULL
speaking	NULL
guitar	NULL
.	NULL

And	NULL
thus	NULL
,	NULL
as	NULL
a	NULL
closer	NULL
and	NULL
still	NULL
closer	NULL
intimacy	NULL
admitted	NULL
me	NULL
more	NULL
unreservedly	NULL
into	NULL
the	NULL
recesses	NULL
of	NULL
his	NULL
spirit	NULL
,	NULL
the	NULL
more	NULL
bitterly	NULL
did	NULL
I	NULL
perceive	NULL
the	NULL
futility	NULL
of	NULL
all	NULL
attempt	NULL
at	NULL
cheering	NULL
a	NULL
mind	NULL
from	NULL
which	NULL
darkness	NULL
,	NULL
as	NULL
if	NULL
an	NULL
inherent	NULL
positive	NULL
quality	NULL
,	NULL
poured	NULL
forth	NULL
upon	NULL
all	NULL
objects	NULL
of	NULL
the	NULL
moral	NULL
and	NULL
physical	NULL
universe	NULL
,	NULL
in	NULL
one	NULL
unceasing	NULL
radiation	NULL
of	NULL
gloom	NULL
.	NULL

I	NULL
shall	NULL
ever	NULL
bear	NULL
about	NULL
me	NULL
a	NULL
memory	NULL
of	NULL
the	NULL
many	NULL
solemn	NULL
hours	NULL
I	NULL
thus	NULL
spent	NULL
alone	NULL
with	NULL
the	NULL
master	NULL
of	NULL
the	NULL
House	NULL
of	NULL
Usher	NULL
.	NULL

Yet	NULL
I	NULL
should	NULL
fail	NULL
in	NULL
any	NULL
attempt	NULL
to	NULL
convey	NULL
an	NULL
idea	NULL
of	NULL
the	NULL
exact	NULL
character	NULL
of	NULL
the	NULL
studies	NULL
,	NULL
or	NULL
of	NULL
the	NULL
occupations	NULL
,	NULL
in	NULL
which	NULL
he	NULL
involved	NULL
me	NULL
,	NULL
or	NULL
led	NULL
me	NULL
the	NULL
way	NULL
.	NULL

An	NULL
excited	NULL
and	NULL
highly	NULL
distempered	NULL
ideality	NULL
threw	NULL
a	NULL
sulphureous	NULL
lustre	NULL
over	NULL
all	NULL
.	NULL

His	NULL
long	NULL
improvised	NULL
dirges	NULL
will	NULL
ring	NULL
for	NULL
ever	NULL
in	NULL
my	NULL
ears	NULL
.	NULL

Among	NULL
other	NULL
things	NULL
,	NULL
I	NULL
hold	NULL
painfully	NULL
in	NULL
mind	NULL
a	NULL
certain	NULL
singular	NULL
perversion	NULL
and	NULL
amplification	NULL
of	NULL
the	NULL
wild	NULL
air	NULL
of	NULL
the	NULL
last	NULL
waltz	NULL
of	NULL
Von	NULL
Weber	NULL
.	NULL

From	NULL
the	NULL
paintings	NULL
over	NULL
which	NULL
his	NULL
elaborate	NULL
fancy	NULL
brooded	NULL
,	NULL
and	NULL
which	NULL
grew	NULL
,	NULL
touch	NULL
by	NULL
touch	NULL
,	NULL
into	NULL
vagueness	NULL
at	NULL
which	NULL
I	NULL
shuddered	NULL
the	NULL
more	NULL
thrillingly	NULL
,	NULL
because	NULL
I	NULL
shuddered	NULL
knowing	NULL
not	NULL
why	NULL
;	NULL
--	NULL
from	NULL
these	NULL
paintings	NULL
(	NULL
vivid	NULL
as	NULL
their	NULL
images	NULL
now	NULL
are	NULL
before	NULL
me	NULL
)	NULL
I	NULL
would	NULL
in	NULL
vain	NULL
endeavour	NULL
to	NULL
educe	NULL
more	NULL
than	NULL
a	NULL
small	NULL
portion	NULL
which	NULL
should	NULL
lie	NULL
within	NULL
the	NULL
compass	NULL
of	NULL
merely	NULL
written	NULL
words	NULL
.	NULL

By	NULL
the	NULL
utter	NULL
simplicity	NULL
,	NULL
by	NULL
the	NULL
nakedness	NULL
of	NULL
his	NULL
designs	NULL
,	NULL
he	NULL
arrested	NULL
and	NULL
overawed	NULL
attention	NULL
.	NULL

If	NULL
ever	NULL
mortal	NULL
painted	NULL
an	NULL
idea	NULL
,	NULL
that	NULL
mortal	NULL
was	NULL
Roderick	NULL
Usher	NULL
.	NULL

For	NULL
me	NULL
at	NULL
least	NULL
--	NULL
in	NULL
the	NULL
circumstances	NULL
then	NULL
surrounding	NULL
me	NULL
--	NULL
there	NULL
arose	NULL
out	NULL
of	NULL
the	NULL
pure	NULL
abstractions	NULL
which	NULL
the	NULL
hypochondriac	NULL
contrived	NULL
to	NULL
throw	NULL
upon	NULL
his	NULL
canvas	NULL
,	NULL
an	NULL
intensity	NULL
of	NULL
intolerable	NULL
awe	NULL
,	NULL
no	NULL
shadow	NULL
of	NULL
which	NULL
felt	NULL
I	NULL
ever	NULL
yet	NULL
in	NULL
the	NULL
contemplation	NULL
of	NULL
the	NULL
certainly	NULL
glowing	NULL
yet	NULL
too	NULL
concrete	NULL
reveries	NULL
of	NULL
Fuseli	NULL
.	NULL

One	NULL
of	NULL
the	NULL
phantasmagoric	NULL
conceptions	NULL
of	NULL
my	NULL
friend	NULL
,	NULL
partaking	NULL
not	NULL
so	NULL
rigidly	NULL
of	NULL
the	NULL
spirit	NULL
of	NULL
abstraction	NULL
,	NULL
may	NULL
be	NULL
shadowed	NULL
forth	NULL
,	NULL
although	NULL
feebly	NULL
,	NULL
in	NULL
words	NULL
.	NULL

A	NULL
small	NULL
picture	NULL
presented	NULL
the	NULL
interior	NULL
of	NULL
an	NULL
immensely	NULL
long	NULL
and	NULL
rectangular	NULL
vault	NULL
or	NULL
tunnel	NULL
,	NULL
with	NULL
low	NULL
walls	NULL
,	NULL
smooth	NULL
,	NULL
white	NULL
,	NULL
and	NULL
without	NULL
interruption	NULL
or	NULL
device	NULL
.	NULL

Certain	NULL
accessory	NULL
points	NULL
of	NULL
the	NULL
design	NULL
served	NULL
well	NULL
to	NULL
convey	NULL
the	NULL
idea	NULL
that	NULL
this	NULL
excavation	NULL
lay	NULL
at	NULL
an	NULL
exceeding	NULL
depth	NULL
below	NULL
the	NULL
surface	NULL
of	NULL
the	NULL
earth	NULL
.	NULL

No	NULL
outlet	NULL
was	NULL
observed	NULL
in	NULL
any	NULL
portion	NULL
of	NULL
its	NULL
vast	NULL
extent	NULL
,	NULL
and	NULL
no	NULL
torch	NULL
,	NULL
or	NULL
other	NULL
artificial	NULL
source	NULL
of	NULL
light	NULL
was	NULL
discernible	NULL
;	NULL
yet	NULL
a	NULL
flood	NULL
of	NULL
intense	NULL
rays	NULL
rolled	NULL
throughout	NULL
,	NULL
and	NULL
bathed	NULL
the	NULL
whole	NULL
in	NULL
a	NULL
ghastly	NULL
and	NULL
inappropriate	NULL
splendour	NULL
.	NULL

I	NULL
have	NULL
just	NULL
spoken	NULL
of	NULL
that	NULL
morbid	NULL
condition	NULL
of	NULL
the	NULL
auditory	NULL
nerve	NULL
which	NULL
rendered	NULL
all	NULL
music	NULL
intolerable	NULL
to	NULL
the	NULL
sufferer	NULL
,	NULL
with	NULL
the	NULL
exception	NULL
of	NULL
certain	NULL
effects	NULL
of	NULL
stringed	NULL
instruments	NULL
.	NULL

It	NULL
was	NULL
,	NULL
perhaps	NULL
,	NULL
the	NULL
narrow	NULL
limits	NULL
to	NULL
which	NULL
he	NULL
thus	NULL
confined	NULL
himself	NULL
upon	NULL
the	NULL
guitar	NULL
,	NULL
which	NULL
gave	NULL
birth	NULL
,	NULL
in	NULL
great	NULL
measure	NULL
,	NULL
to	NULL
the	NULL
fantastic	NULL
character	NULL
of	NULL
the	NULL
performances	NULL
.	NULL

But	NULL
the	NULL
fervid	NULL
facility	NULL
of	NULL
his	NULL
impromptus	NULL
could	NULL
not	NULL
be	NULL
so	NULL
accounted	NULL
for	NULL
.	NULL

They	NULL
must	NULL
have	NULL
been	NULL
,	NULL
and	NULL
were	NULL
,	NULL
in	NULL
the	NULL
notes	NULL
,	NULL
as	NULL
well	NULL
as	NULL
in	NULL
the	NULL
words	NULL
of	NULL
his	NULL
wild	NULL
fantasias	NULL
(	NULL
for	NULL
he	NULL
not	NULL
unfrequently	NULL
accompanied	NULL
himself	NULL
with	NULL
rhymed	NULL
verbal	NULL
improvisations	NULL
)	NULL
,	NULL
the	NULL
result	NULL
of	NULL
that	NULL
intense	NULL
mental	NULL
collectedness	NULL
and	NULL
concentration	NULL
to	NULL
which	NULL
I	NULL
have	NULL
previously	NULL
alluded	NULL
as	NULL
observable	NULL
only	NULL
in	NULL
particular	NULL
moments	NULL
of	NULL
the	NULL
highest	NULL
artificial	NULL
excitement	NULL
.	NULL

The	NULL
words	NULL
of	NULL
one	NULL
of	NULL
these	NULL
rhapsodies	NULL
I	NULL
have	NULL
easily	NULL
remembered	NULL
.	NULL

I	NULL
was	NULL
,	NULL
perhaps	NULL
,	NULL
the	NULL
more	NULL
forcibly	NULL
impressed	NULL
with	NULL
it	NULL
,	NULL
as	NULL
he	NULL
gave	NULL
it	NULL
,	NULL
because	NULL
,	NULL
in	NULL
the	NULL
under	NULL
or	NULL
mystic	NULL
current	NULL
of	NULL
its	NULL
meaning	NULL
,	NULL
I	NULL
fancied	NULL
that	NULL
I	NULL
perceived	NULL
,	NULL
and	NULL
for	NULL
the	NULL
first	NULL
time	NULL
,	NULL
a	NULL
full	NULL
consciousness	NULL
on	NULL
the	NULL
part	NULL
of	NULL
Usher	NULL
,	NULL
of	NULL
the	NULL
tottering	NULL
of	NULL
his	NULL
lofty	NULL
reason	NULL
upon	NULL
her	NULL
throne	NULL
.	NULL

The	NULL
verses	NULL
,	NULL
which	NULL
were	NULL
entitled	NULL
"	NULL
The	NULL
Haunted	NULL
Palace	NULL
,	NULL
"	NULL
ran	NULL
very	NULL
nearly	NULL
,	NULL
if	NULL
not	NULL
accurately	NULL
,	NULL
thus	NULL
:	NULL
I	NULL
.	NULL

In	NULL
the	NULL
greenest	NULL
of	NULL
our	NULL
valleys	NULL
,	NULL
By	NULL
good	NULL
angels	NULL
tenanted	NULL
,	NULL
Once	NULL
a	NULL
fair	NULL
and	NULL
stately	NULL
palace	NULL
--	NULL
Radiant	NULL
palace	NULL
--	NULL
reared	NULL
its	NULL
head	NULL
.	NULL

In	NULL
the	NULL
monarch	NULL
Thought	NULL
's	NULL
dominion	NULL
--	NULL
It	NULL
stood	NULL
there	NULL
!	NULL

Never	NULL
seraph	NULL
spread	NULL
a	NULL
pinion	NULL
Over	NULL
fabric	NULL
half	NULL
so	NULL
fair	NULL
.	NULL

II	NULL
.	NULL

Banners	NULL
yellow	NULL
,	NULL
glorious	NULL
,	NULL
golden	NULL
,	NULL
On	NULL
its	NULL
roof	NULL
did	NULL
float	NULL
and	NULL
flow	NULL
;	NULL
(	NULL
This	NULL
--	NULL
all	NULL
this	NULL
--	NULL
was	NULL
in	NULL
the	NULL
olden	NULL
Time	NULL
long	NULL
ago	NULL
)	NULL
And	NULL
every	NULL
gentle	NULL
air	NULL
that	NULL
dallied	NULL
,	NULL
In	NULL
that	NULL
sweet	NULL
day	NULL
,	NULL
Along	NULL
the	NULL
ramparts	NULL
plumed	NULL
and	NULL
pallid	NULL
,	NULL
A	NULL
winged	NULL
odour	NULL
went	NULL
away	NULL
.	NULL

III	NULL
.	NULL

Wanderers	NULL
in	NULL
that	NULL
happy	NULL
valley	NULL
Through	NULL
two	NULL
luminous	NULL
windows	NULL
saw	NULL
Spirits	NULL
moving	NULL
musically	NULL
To	NULL
a	NULL
lute	NULL
's	NULL
well	NULL
tuned	NULL
law	NULL
,	NULL
Round	NULL
about	NULL
a	NULL
throne	NULL
,	NULL
where	NULL
sitting	NULL
(	NULL
Porphyrogene	NULL
!	NULL
)	NULL

In	NULL
state	NULL
his	NULL
glory	NULL
well	NULL
befitting	NULL
,	NULL
The	NULL
ruler	NULL
of	NULL
the	NULL
realm	NULL
was	NULL
seen	NULL
.	NULL

IV	NULL
.	NULL

And	NULL
all	NULL
with	NULL
pearl	NULL
and	NULL
ruby	NULL
glowing	NULL
Was	NULL
the	NULL
fair	NULL
palace	NULL
door	NULL
,	NULL
Through	NULL
which	NULL
came	NULL
flowing	NULL
,	NULL
flowing	NULL
,	NULL
flowing	NULL
And	NULL
sparkling	NULL
evermore	NULL
,	NULL
A	NULL
troop	NULL
of	NULL
Echoes	NULL
whose	NULL
sweet	NULL
duty	NULL
Was	NULL
but	NULL
to	NULL
sing	NULL
,	NULL
In	NULL
voices	NULL
of	NULL
surpassing	NULL
beauty	NULL
,	NULL
The	NULL
wit	NULL
and	NULL
wisdom	NULL
of	NULL
their	NULL
king	NULL
.	NULL

V	NULL
.	NULL

But	NULL
evil	NULL
things	NULL
,	NULL
in	NULL
robes	NULL
of	NULL
sorrow	NULL
,	NULL
Assailed	NULL
the	NULL
monarch	NULL
's	NULL
high	NULL
estate	NULL
;	NULL
(	NULL
Ah	NULL
,	NULL
let	NULL
us	NULL
mourn	NULL
,	NULL
for	NULL
never	NULL
morrow	NULL
Shall	NULL
dawn	NULL
upon	NULL
him	NULL
,	NULL
desolate	NULL
!	NULL
)	NULL

And	NULL
,	NULL
round	NULL
about	NULL
his	NULL
home	NULL
,	NULL
the	NULL
glory	NULL
That	NULL
blushed	NULL
and	NULL
bloomed	NULL
Is	NULL
but	NULL
a	NULL
dim-remembered	NULL
story	NULL
,	NULL
Of	NULL
the	NULL
old	NULL
time	NULL
entombed	NULL
.	NULL

VI	NULL
.	NULL

And	NULL
travellers	NULL
now	NULL
within	NULL
that	NULL
valley	NULL
,	NULL
Through	NULL
the	NULL
red-litten	NULL
windows	NULL
,	NULL
see	NULL
Vast	NULL
forms	NULL
that	NULL
move	NULL
fantastically	NULL
To	NULL
a	NULL
discordant	NULL
melody	NULL
;	NULL
While	NULL
,	NULL
like	NULL
a	NULL
rapid	NULL
ghastly	NULL
river	NULL
,	NULL
Through	NULL
the	NULL
pale	NULL
door	NULL
,	NULL
A	NULL
hideous	NULL
throng	NULL
rush	NULL
out	NULL
forever	NULL
,	NULL
And	NULL
laugh	NULL
--	NULL
but	NULL
smile	NULL
no	NULL
more	NULL
.	NULL

I	NULL
well	NULL
remember	NULL
that	NULL
suggestions	NULL
arising	NULL
from	NULL
this	NULL
ballad	NULL
,	NULL
led	NULL
us	NULL
into	NULL
a	NULL
train	NULL
of	NULL
thought	NULL
wherein	NULL
there	NULL
became	NULL
manifest	NULL
an	NULL
opinion	NULL
of	NULL
Usher	NULL
's	NULL
which	NULL
I	NULL
mention	NULL
not	NULL
so	NULL
much	NULL
on	NULL
account	NULL
of	NULL
its	NULL
novelty	NULL
(	NULL
for	NULL
other	NULL
men	NULL
*	NULL
have	NULL
thought	NULL
thus	NULL
,	NULL
)	NULL
as	NULL
on	NULL
account	NULL
of	NULL
the	NULL
pertinacity	NULL
with	NULL
which	NULL
he	NULL
maintained	NULL
it	NULL
.	NULL

This	NULL
opinion	NULL
,	NULL
in	NULL
its	NULL
general	NULL
form	NULL
,	NULL
was	NULL
that	NULL
of	NULL
the	NULL
sentience	NULL
of	NULL
all	NULL
vegetable	NULL
things	NULL
.	NULL

But	NULL
,	NULL
in	NULL
his	NULL
disordered	NULL
fancy	NULL
,	NULL
the	NULL
idea	NULL
had	NULL
assumed	NULL
a	NULL
more	NULL
daring	NULL
character	NULL
,	NULL
and	NULL
trespassed	NULL
,	NULL
under	NULL
certain	NULL
conditions	NULL
,	NULL
upon	NULL
the	NULL
kingdom	NULL
of	NULL
inorganization	NULL
.	NULL

I	NULL
lack	NULL
words	NULL
to	NULL
express	NULL
the	NULL
full	NULL
extent	NULL
,	NULL
or	NULL
the	NULL
earnest	NULL
abandon	NULL
of	NULL
his	NULL
persuasion	NULL
.	NULL

The	NULL
belief	NULL
,	NULL
however	NULL
,	NULL
was	NULL
connected	NULL
(	NULL
as	NULL
I	NULL
have	NULL
previously	NULL
hinted	NULL
)	NULL
with	NULL
the	NULL
gray	NULL
stones	NULL
of	NULL
the	NULL
home	NULL
of	NULL
his	NULL
forefathers	NULL
.	NULL

The	NULL
conditions	NULL
of	NULL
the	NULL
sentience	NULL
had	NULL
been	NULL
here	NULL
,	NULL
he	NULL
imagined	NULL
,	NULL
fulfilled	NULL
in	NULL
the	NULL
method	NULL
of	NULL
collocation	NULL
of	NULL
these	NULL
stones	NULL
--	NULL
in	NULL
the	NULL
order	NULL
of	NULL
their	NULL
arrangement	NULL
,	NULL
as	NULL
well	NULL
as	NULL
in	NULL
that	NULL
of	NULL
the	NULL
many	NULL
fungi	NULL
which	NULL
overspread	NULL
them	NULL
,	NULL
and	NULL
of	NULL
the	NULL
decayed	NULL
trees	NULL
which	NULL
stood	NULL
around	NULL
--	NULL
above	NULL
all	NULL
,	NULL
in	NULL
the	NULL
long	NULL
undisturbed	NULL
endurance	NULL
of	NULL
this	NULL
arrangement	NULL
,	NULL
and	NULL
in	NULL
its	NULL
reduplication	NULL
in	NULL
the	NULL
still	NULL
waters	NULL
of	NULL
the	NULL
tarn	NULL
.	NULL

Its	NULL
evidence	NULL
--	NULL
the	NULL
evidence	NULL
of	NULL
the	NULL
sentience	NULL
--	NULL
was	NULL
to	NULL
be	NULL
seen	NULL
,	NULL
he	NULL
said	NULL
,	NULL
(	NULL
and	NULL
I	NULL
here	NULL
started	NULL
as	NULL
he	NULL
spoke	NULL
,	NULL
)	NULL
in	NULL
the	NULL
gradual	NULL
yet	NULL
certain	NULL
condensation	NULL
of	NULL
an	NULL
atmosphere	NULL
of	NULL
their	NULL
own	NULL
about	NULL
the	NULL
waters	NULL
and	NULL
the	NULL
walls	NULL
.	NULL

The	NULL
result	NULL
was	NULL
discoverable	NULL
,	NULL
he	NULL
added	NULL
,	NULL
in	NULL
that	NULL
silent	NULL
,	NULL
yet	NULL
importunate	NULL
and	NULL
terrible	NULL
influence	NULL
which	NULL
for	NULL
centuries	NULL
had	NULL
moulded	NULL
the	NULL
destinies	NULL
of	NULL
his	NULL
family	NULL
,	NULL
and	NULL
which	NULL
made	NULL
him	NULL
what	NULL
I	NULL
now	NULL
saw	NULL
him	NULL
--	NULL
what	NULL
he	NULL
was	NULL
.	NULL

Such	NULL
opinions	NULL
need	NULL
no	NULL
comment	NULL
,	NULL
and	NULL
I	NULL
will	NULL
make	NULL
none	NULL
.	NULL

Our	NULL
books	NULL
--	NULL
the	NULL
books	NULL
which	NULL
,	NULL
for	NULL
years	NULL
,	NULL
had	NULL
formed	NULL
no	NULL
small	NULL
portion	NULL
of	NULL
the	NULL
mental	NULL
existence	NULL
of	NULL
the	NULL
invalid	NULL
--	NULL
were	NULL
,	NULL
as	NULL
might	NULL
be	NULL
supposed	NULL
,	NULL
in	NULL
strict	NULL
keeping	NULL
with	NULL
this	NULL
character	NULL
of	NULL
phantasm	NULL
.	NULL

We	NULL
pored	NULL
together	NULL
over	NULL
such	NULL
works	NULL
as	NULL
the	NULL
Ververt	NULL
et	NULL
Chartreuse	NULL
of	NULL
Gresset	NULL
;	NULL
the	NULL
Belphegor	NULL
of	NULL
Machiavelli	NULL
;	NULL
the	NULL
Heaven	NULL
and	NULL
Hell	NULL
of	NULL
Swedenborg	NULL
;	NULL
the	NULL
Subterranean	NULL
Voyage	NULL
of	NULL
Nicholas	NULL
Klimm	NULL
by	NULL
Holberg	NULL
;	NULL
the	NULL
Chiromancy	NULL
of	NULL
Robert	NULL
Flud	NULL
,	NULL
of	NULL
Jean	NULL
D'Indagine	NULL
,	NULL
and	NULL
of	NULL
De	NULL
la	NULL
Chambre	NULL
;	NULL
the	NULL
Journey	NULL
into	NULL
the	NULL
Blue	NULL
Distance	NULL
of	NULL
Tieck	NULL
;	NULL
and	NULL
the	NULL
City	NULL
of	NULL
the	NULL
Sun	NULL
by	NULL
Campanella	NULL
.	NULL

One	NULL
favourite	NULL
volume	NULL
was	NULL
a	NULL
small	NULL
octavo	NULL
edition	NULL
of	NULL
the	NULL
Directorium	NULL
Inquisitorum	NULL
,	NULL
by	NULL
the	NULL
Dominican	NULL
Eymeric	NULL
de	NULL
Gironne	NULL
;	NULL
and	NULL
there	NULL
were	NULL
passages	NULL
in	NULL
Pomponius	NULL
Mela	NULL
,	NULL
about	NULL
the	NULL
old	NULL
African	NULL
Satyrs	NULL
and	NULL
OEgipans	NULL
,	NULL
over	NULL
which	NULL
Usher	NULL
would	NULL
sit	NULL
dreaming	NULL
for	NULL
hours	NULL
.	NULL

His	NULL
chief	NULL
delight	NULL
,	NULL
however	NULL
,	NULL
was	NULL
found	NULL
in	NULL
the	NULL
perusal	NULL
of	NULL
an	NULL
exceedingly	NULL
rare	NULL
and	NULL
curious	NULL
book	NULL
in	NULL
quarto	NULL
Gothic	NULL
--	NULL
the	NULL
manual	NULL
of	NULL
a	NULL
forgotten	NULL
church	NULL
--	NULL
the	NULL
Vigiliae	NULL
Mortuorum	NULL
Secundum	NULL
Chorum	NULL
Ecclesiae	NULL
Maguntinae	NULL
.	NULL

I	NULL
could	NULL
not	NULL
help	NULL
thinking	NULL
of	NULL
the	NULL
wild	NULL
ritual	NULL
of	NULL
this	NULL
work	NULL
,	NULL
and	NULL
of	NULL
its	NULL
probable	NULL
influence	NULL
upon	NULL
the	NULL
hypochondriac	NULL
,	NULL
when	NULL
,	NULL
one	NULL
evening	NULL
,	NULL
having	NULL
informed	NULL
me	NULL
abruptly	NULL
that	NULL
the	NULL
lady	NULL
Madeline	NULL
was	NULL
no	NULL
more	NULL
,	NULL
he	NULL
stated	NULL
his	NULL
intention	NULL
of	NULL
preserving	NULL
her	NULL
corpse	NULL
for	NULL
a	NULL
fortnight	NULL
,	NULL
(	NULL
previously	NULL
to	NULL
its	NULL
final	NULL
interment	NULL
)	NULL
,	NULL
in	NULL
one	NULL
of	NULL
the	NULL
numerous	NULL
vaults	NULL
within	NULL
the	NULL
main	NULL
walls	NULL
of	NULL
the	NULL
building	NULL
.	NULL

The	NULL
worldly	NULL
reason	NULL
,	NULL
however	NULL
,	NULL
assigned	NULL
for	NULL
this	NULL
singular	NULL
proceeding	NULL
,	NULL
was	NULL
one	NULL
which	NULL
I	NULL
did	NULL
not	NULL
feel	NULL
at	NULL
liberty	NULL
to	NULL
dispute	NULL
.	NULL

The	NULL
brother	NULL
had	NULL
been	NULL
led	NULL
to	NULL
his	NULL
resolution	NULL
(	NULL
so	NULL
he	NULL
told	NULL
me	NULL
)	NULL
by	NULL
consideration	NULL
of	NULL
the	NULL
unusual	NULL
character	NULL
of	NULL
the	NULL
malady	NULL
of	NULL
the	NULL
deceased	NULL
,	NULL
of	NULL
certain	NULL
obtrusive	NULL
and	NULL
eager	NULL
inquiries	NULL
on	NULL
the	NULL
part	NULL
of	NULL
her	NULL
medical	NULL
men	NULL
,	NULL
and	NULL
of	NULL
the	NULL
remote	NULL
and	NULL
exposed	NULL
situation	NULL
of	NULL
the	NULL
burial-ground	NULL
of	NULL
the	NULL
family	NULL
.	NULL

I	NULL
will	NULL
not	NULL
deny	NULL
that	NULL
when	NULL
I	NULL
called	NULL
to	NULL
mind	NULL
the	NULL
sinister	NULL
countenance	NULL
of	NULL
the	NULL
person	NULL
whom	NULL
I	NULL
met	NULL
upon	NULL
the	NULL
staircase	NULL
,	NULL
on	NULL
the	NULL
day	NULL
of	NULL
my	NULL
arrival	NULL
at	NULL
the	NULL
house	NULL
,	NULL
I	NULL
had	NULL
no	NULL
desire	NULL
to	NULL
oppose	NULL
what	NULL
I	NULL
regarded	NULL
as	NULL
at	NULL
best	NULL
but	NULL
a	NULL
harmless	NULL
,	NULL
and	NULL
by	NULL
no	NULL
means	NULL
an	NULL
unnatural	NULL
,	NULL
precaution	NULL
.	NULL

At	NULL
the	NULL
request	NULL
of	NULL
Usher	NULL
,	NULL
I	NULL
personally	NULL
aided	NULL
him	NULL
in	NULL
the	NULL
arrangements	NULL
for	NULL
the	NULL
temporary	NULL
entombment	NULL
.	NULL

The	NULL
body	NULL
having	NULL
been	NULL
encoffined	NULL
,	NULL
we	NULL
two	NULL
alone	NULL
bore	NULL
it	NULL
to	NULL
its	NULL
rest	NULL
.	NULL

The	NULL
vault	NULL
in	NULL
which	NULL
we	NULL
placed	NULL
it	NULL
(	NULL
and	NULL
which	NULL
had	NULL
been	NULL
so	NULL
long	NULL
unopened	NULL
that	NULL
our	NULL
torches	NULL
,	NULL
half	NULL
smothered	NULL
in	NULL
its	NULL
oppressive	NULL
atmosphere	NULL
,	NULL
gave	NULL
us	NULL
little	NULL
opportunity	NULL
for	NULL
investigation	NULL
)	NULL
was	NULL
small	NULL
,	NULL
damp	NULL
,	NULL
and	NULL
entirely	NULL
without	NULL
means	NULL
of	NULL
admission	NULL
for	NULL
light	NULL
;	NULL
lying	NULL
,	NULL
at	NULL
great	NULL
depth	NULL
,	NULL
immediately	NULL
beneath	NULL
that	NULL
portion	NULL
of	NULL
the	NULL
building	NULL
in	NULL
which	NULL
was	NULL
my	NULL
own	NULL
sleeping	NULL
apartment	NULL
.	NULL

It	NULL
had	NULL
been	NULL
used	NULL
,	NULL
apparently	NULL
,	NULL
in	NULL
remote	NULL
feudal	NULL
times	NULL
,	NULL
for	NULL
the	NULL
worst	NULL
purposes	NULL
of	NULL
a	NULL
donjon-keep	NULL
,	NULL
and	NULL
,	NULL
in	NULL
later	NULL
days	NULL
,	NULL
as	NULL
a	NULL
place	NULL
of	NULL
deposit	NULL
for	NULL
powder	NULL
,	NULL
or	NULL
some	NULL
other	NULL
highly	NULL
combustible	NULL
substance	NULL
,	NULL
as	NULL
a	NULL
portion	NULL
of	NULL
its	NULL
floor	NULL
,	NULL
and	NULL
the	NULL
whole	NULL
interior	NULL
of	NULL
a	NULL
long	NULL
archway	NULL
through	NULL
which	NULL
we	NULL
reached	NULL
it	NULL
,	NULL
were	NULL
carefully	NULL
sheathed	NULL
with	NULL
copper	NULL
.	NULL

The	NULL
door	NULL
,	NULL
of	NULL
massive	NULL
iron	NULL
,	NULL
had	NULL
been	NULL
,	NULL
also	NULL
,	NULL
similarly	NULL
protected	NULL
.	NULL

Its	NULL
immense	NULL
weight	NULL
caused	NULL
an	NULL
unusually	NULL
sharp	NULL
grating	NULL
sound	NULL
,	NULL
as	NULL
it	NULL
moved	NULL
upon	NULL
its	NULL
hinges	NULL
.	NULL

Having	NULL
deposited	NULL
our	NULL
mournful	NULL
burden	NULL
upon	NULL
tressels	NULL
within	NULL
this	NULL
region	NULL
of	NULL
horror	NULL
,	NULL
we	NULL
partially	NULL
turned	NULL
aside	NULL
the	NULL
yet	NULL
unscrewed	NULL
lid	NULL
of	NULL
the	NULL
coffin	NULL
,	NULL
and	NULL
looked	NULL
upon	NULL
the	NULL
face	NULL
of	NULL
the	NULL
tenant	NULL
.	NULL

A	NULL
striking	NULL
similitude	NULL
between	NULL
the	NULL
brother	NULL
and	NULL
sister	NULL
now	NULL
first	NULL
arrested	NULL
my	NULL
attention	NULL
;	NULL
and	NULL
Usher	NULL
,	NULL
divining	NULL
,	NULL
perhaps	NULL
,	NULL
my	NULL
thoughts	NULL
,	NULL
murmured	NULL
out	NULL
some	NULL
few	NULL
words	NULL
from	NULL
which	NULL
I	NULL
learned	NULL
that	NULL
the	NULL
deceased	NULL
and	NULL
himself	NULL
had	NULL
been	NULL
twins	NULL
,	NULL
and	NULL
that	NULL
sympathies	NULL
of	NULL
a	NULL
scarcely	NULL
intelligible	NULL
nature	NULL
had	NULL
always	NULL
existed	NULL
between	NULL
them	NULL
.	NULL

Our	NULL
glances	NULL
,	NULL
however	NULL
,	NULL
rested	NULL
not	NULL
long	NULL
upon	NULL
the	NULL
dead	NULL
--	NULL
for	NULL
we	NULL
could	NULL
not	NULL
regard	NULL
her	NULL
unawed	NULL
.	NULL

The	NULL
disease	NULL
which	NULL
had	NULL
thus	NULL
entombed	NULL
the	NULL
lady	NULL
in	NULL
the	NULL
maturity	NULL
of	NULL
youth	NULL
,	NULL
had	NULL
left	NULL
,	NULL
as	NULL
usual	NULL
in	NULL
all	NULL
maladies	NULL
of	NULL
a	NULL
strictly	NULL
cataleptical	NULL
character	NULL
,	NULL
the	NULL
mockery	NULL
of	NULL
a	NULL
faint	NULL
blush	NULL
upon	NULL
the	NULL
bosom	NULL
and	NULL
the	NULL
face	NULL
,	NULL
and	NULL
that	NULL
suspiciously	NULL
lingering	NULL
smile	NULL
upon	NULL
the	NULL
lip	NULL
which	NULL
is	NULL
so	NULL
terrible	NULL
in	NULL
death	NULL
.	NULL

We	NULL
replaced	NULL
and	NULL
screwed	NULL
down	NULL
the	NULL
lid	NULL
,	NULL
and	NULL
,	NULL
having	NULL
secured	NULL
the	NULL
door	NULL
of	NULL
iron	NULL
,	NULL
made	NULL
our	NULL
way	NULL
,	NULL
with	NULL
toil	NULL
,	NULL
into	NULL
the	NULL
scarcely	NULL
less	NULL
gloomy	NULL
apartments	NULL
of	NULL
the	NULL
upper	NULL
portion	NULL
of	NULL
the	NULL
house	NULL
.	NULL

And	NULL
now	NULL
,	NULL
some	NULL
days	NULL
of	NULL
bitter	NULL
grief	NULL
having	NULL
elapsed	NULL
,	NULL
an	NULL
observable	NULL
change	NULL
came	NULL
over	NULL
the	NULL
features	NULL
of	NULL
the	NULL
mental	NULL
disorder	NULL
of	NULL
my	NULL
friend	NULL
.	NULL

His	NULL
ordinary	NULL
manner	NULL
had	NULL
vanished	NULL
.	NULL

His	NULL
ordinary	NULL
occupations	NULL
were	NULL
neglected	NULL
or	NULL
forgotten	NULL
.	NULL

He	NULL
roamed	NULL
from	NULL
chamber	NULL
to	NULL
chamber	NULL
with	NULL
hurried	NULL
,	NULL
unequal	NULL
,	NULL
and	NULL
objectless	NULL
step	NULL
.	NULL

The	NULL
pallor	NULL
of	NULL
his	NULL
countenance	NULL
had	NULL
assumed	NULL
,	NULL
if	NULL
possible	NULL
,	NULL
a	NULL
more	NULL
ghastly	NULL
hue	NULL
--	NULL
but	NULL
the	NULL
luminousness	NULL
of	NULL
his	NULL
eye	NULL
had	NULL
utterly	NULL
gone	NULL
out	NULL
.	NULL

The	NULL
once	NULL
occasional	NULL
huskiness	NULL
of	NULL
his	NULL
tone	NULL
was	NULL
heard	NULL
no	NULL
more	NULL
;	NULL
and	NULL
a	NULL
tremulous	NULL
quaver	NULL
,	NULL
as	NULL
if	NULL
of	NULL
extreme	NULL
terror	NULL
,	NULL
habitually	NULL
characterized	NULL
his	NULL
utterance	NULL
.	NULL

There	NULL
were	NULL
times	NULL
,	NULL
indeed	NULL
,	NULL
when	NULL
I	NULL
thought	NULL
his	NULL
unceasingly	NULL
agitated	NULL
mind	NULL
was	NULL
labouring	NULL
with	NULL
some	NULL
oppressive	NULL
secret	NULL
,	NULL
to	NULL
divulge	NULL
which	NULL
he	NULL
struggled	NULL
for	NULL
the	NULL
necessary	NULL
courage	NULL
.	NULL

At	NULL
times	NULL
,	NULL
again	NULL
,	NULL
I	NULL
was	NULL
obliged	NULL
to	NULL
resolve	NULL
all	NULL
into	NULL
the	NULL
mere	NULL
inexplicable	NULL
vagaries	NULL
of	NULL
madness	NULL
,	NULL
for	NULL
I	NULL
beheld	NULL
him	NULL
gazing	NULL
upon	NULL
vacancy	NULL
for	NULL
long	NULL
hours	NULL
,	NULL
in	NULL
an	NULL
attitude	NULL
of	NULL
the	NULL
profoundest	NULL
attention	NULL
,	NULL
as	NULL
if	NULL
listening	NULL
to	NULL
some	NULL
imaginary	NULL
sound	NULL
.	NULL

It	NULL
was	NULL
no	NULL
wonder	NULL
that	NULL
his	NULL
condition	NULL
terrified	NULL
--	NULL
that	NULL
it	NULL
infected	NULL
me	NULL
.	NULL

I	NULL
felt	NULL
creeping	NULL
upon	NULL
me	NULL
,	NULL
by	NULL
slow	NULL
yet	NULL
certain	NULL
degrees	NULL
,	NULL
the	NULL
wild	NULL
influences	NULL
of	NULL
his	NULL
own	NULL
fantastic	NULL
yet	NULL
impressive	NULL
superstitions	NULL
.	NULL

It	NULL
was	NULL
,	NULL
especially	NULL
,	NULL
upon	NULL
retiring	NULL
to	NULL
bed	NULL
late	NULL
in	NULL
the	NULL
night	NULL
of	NULL
the	NULL
seventh	NULL
or	NULL
eighth	NULL
day	NULL
after	NULL
the	NULL
placing	NULL
of	NULL
the	NULL
lady	NULL
Madeline	NULL
within	NULL
the	NULL
donjon	NULL
,	NULL
that	NULL
I	NULL
experienced	NULL
the	NULL
full	NULL
power	NULL
of	NULL
such	NULL
feelings	NULL
.	NULL

Sleep	NULL
came	NULL
not	NULL
near	NULL
my	NULL
couch	NULL
--	NULL
while	NULL
the	NULL
hours	NULL
waned	NULL
and	NULL
waned	NULL
away	NULL
.	NULL

I	NULL
struggled	NULL
to	NULL
reason	NULL
off	NULL
the	NULL
nervousness	NULL
which	NULL
had	NULL
dominion	NULL
over	NULL
me	NULL
.	NULL

I	NULL
endeavoured	NULL
to	NULL
believe	NULL
that	NULL
much	NULL
,	NULL
if	NULL
not	NULL
all	NULL
of	NULL
what	NULL
I	NULL
felt	NULL
,	NULL
was	NULL
due	NULL
to	NULL
the	NULL
bewildering	NULL
influence	NULL
of	NULL
the	NULL
gloomy	NULL
furniture	NULL
of	NULL
the	NULL
room	NULL
--	NULL
of	NULL
the	NULL
dark	NULL
and	NULL
tattered	NULL
draperies	NULL
,	NULL
which	NULL
,	NULL
tortured	NULL
into	NULL
motion	NULL
by	NULL
the	NULL
breath	NULL
of	NULL
a	NULL
rising	NULL
tempest	NULL
,	NULL
swayed	NULL
fitfully	NULL
to	NULL
and	NULL
fro	NULL
upon	NULL
the	NULL
walls	NULL
,	NULL
and	NULL
rustled	NULL
uneasily	NULL
about	NULL
the	NULL
decorations	NULL
of	NULL
the	NULL
bed	NULL
.	NULL

But	NULL
my	NULL
efforts	NULL
were	NULL
fruitless	NULL
.	NULL

An	NULL
irrepressible	NULL
tremor	NULL
gradually	NULL
pervaded	NULL
my	NULL
frame	NULL
;	NULL
and	NULL
,	NULL
at	NULL
length	NULL
,	NULL
there	NULL
sat	NULL
upon	NULL
my	NULL
very	NULL
heart	NULL
an	NULL
incubus	NULL
of	NULL
utterly	NULL
causeless	NULL
alarm	NULL
.	NULL

Shaking	NULL
this	NULL
off	NULL
with	NULL
a	NULL
gasp	NULL
and	NULL
a	NULL
struggle	NULL
,	NULL
I	NULL
uplifted	NULL
myself	NULL
upon	NULL
the	NULL
pillows	NULL
,	NULL
and	NULL
,	NULL
peering	NULL
earnestly	NULL
within	NULL
the	NULL
intense	NULL
darkness	NULL
of	NULL
the	NULL
chamber	NULL
,	NULL
hearkened	NULL
--	NULL
I	NULL
know	NULL
not	NULL
why	NULL
,	NULL
except	NULL
that	NULL
an	NULL
instinctive	NULL
spirit	NULL
prompted	NULL
me	NULL
--	NULL
to	NULL
certain	NULL
low	NULL
and	NULL
indefinite	NULL
sounds	NULL
which	NULL
came	NULL
,	NULL
through	NULL
the	NULL
pauses	NULL
of	NULL
the	NULL
storm	NULL
,	NULL
at	NULL
long	NULL
intervals	NULL
,	NULL
I	NULL
knew	NULL
not	NULL
whence	NULL
.	NULL

Overpowered	NULL
by	NULL
an	NULL
intense	NULL
sentiment	NULL
of	NULL
horror	NULL
,	NULL
unaccountable	NULL
yet	NULL
unendurable	NULL
,	NULL
I	NULL
threw	NULL
on	NULL
my	NULL
clothes	NULL
with	NULL
haste	NULL
(	NULL
for	NULL
I	NULL
felt	NULL
that	NULL
I	NULL
should	NULL
sleep	NULL
no	NULL
more	NULL
during	NULL
the	NULL
night	NULL
,	NULL
)	NULL
and	NULL
endeavoured	NULL
to	NULL
arouse	NULL
myself	NULL
from	NULL
the	NULL
pitiable	NULL
condition	NULL
into	NULL
which	NULL
I	NULL
had	NULL
fallen	NULL
,	NULL
by	NULL
pacing	NULL
rapidly	NULL
to	NULL
and	NULL
fro	NULL
through	NULL
the	NULL
apartment	NULL
.	NULL

I	NULL
had	NULL
taken	NULL
but	NULL
few	NULL
turns	NULL
in	NULL
this	NULL
manner	NULL
,	NULL
when	NULL
a	NULL
light	NULL
step	NULL
on	NULL
an	NULL
adjoining	NULL
staircase	NULL
arrested	NULL
my	NULL
attention	NULL
.	NULL

I	NULL
presently	NULL
recognized	NULL
it	NULL
as	NULL
that	NULL
of	NULL
Usher	NULL
.	NULL

In	NULL
an	NULL
instant	NULL
afterwards	NULL
he	NULL
rapped	NULL
,	NULL
with	NULL
a	NULL
gentle	NULL
touch	NULL
,	NULL
at	NULL
my	NULL
door	NULL
,	NULL
and	NULL
entered	NULL
,	NULL
bearing	NULL
a	NULL
lamp	NULL
.	NULL

His	NULL
countenance	NULL
was	NULL
,	NULL
as	NULL
usual	NULL
,	NULL
cadaverously	NULL
wan	NULL
--	NULL
but	NULL
,	NULL
moreover	NULL
,	NULL
there	NULL
was	NULL
a	NULL
species	NULL
of	NULL
mad	NULL
hilarity	NULL
in	NULL
his	NULL
eyes	NULL
--	NULL
an	NULL
evidently	NULL
restrained	NULL
hysteria	NULL
in	NULL
his	NULL
whole	NULL
demeanour	NULL
.	NULL

His	NULL
air	NULL
appalled	NULL
me	NULL
--	NULL
but	NULL
anything	NULL
was	NULL
preferable	NULL
to	NULL
the	NULL
solitude	NULL
which	NULL
I	NULL
had	NULL
so	NULL
long	NULL
endured	NULL
,	NULL
and	NULL
I	NULL
even	NULL
welcomed	NULL
his	NULL
presence	NULL
as	NULL
a	NULL
relief	NULL
.	NULL

"	NULL
And	NULL
you	NULL
have	NULL
not	NULL
seen	NULL
it	NULL
?	NULL
"	NULL
he	NULL
said	NULL
abruptly	NULL
,	NULL
after	NULL
having	NULL
stared	NULL
about	NULL
him	NULL
for	NULL
some	NULL
moments	NULL
in	NULL
silence	NULL
--	NULL
"	NULL
you	NULL
have	NULL
not	NULL
then	NULL
seen	NULL
it	NULL
?	NULL

--	NULL
but	NULL
,	NULL
stay	NULL
!	NULL

you	NULL
shall	NULL
.	NULL
"	NULL

Thus	NULL
speaking	NULL
,	NULL
and	NULL
having	NULL
carefully	NULL
shaded	NULL
his	NULL
lamp	NULL
,	NULL
he	NULL
hurried	NULL
to	NULL
one	NULL
of	NULL
the	NULL
casements	NULL
,	NULL
and	NULL
threw	NULL
it	NULL
freely	NULL
open	NULL
to	NULL
the	NULL
storm	NULL
.	NULL

The	NULL
impetuous	NULL
fury	NULL
of	NULL
the	NULL
entering	NULL
gust	NULL
nearly	NULL
lifted	NULL
us	NULL
from	NULL
our	NULL
feet	NULL
.	NULL

It	NULL
was	NULL
,	NULL
indeed	NULL
,	NULL
a	NULL
tempestuous	NULL
yet	NULL
sternly	NULL
beautiful	NULL
night	NULL
,	NULL
and	NULL
one	NULL
wildly	NULL
singular	NULL
in	NULL
its	NULL
terror	NULL
and	NULL
its	NULL
beauty	NULL
.	NULL

A	NULL
whirlwind	NULL
had	NULL
apparently	NULL
collected	NULL
its	NULL
force	NULL
in	NULL
our	NULL
vicinity	NULL
;	NULL
for	NULL
there	NULL
were	NULL
frequent	NULL
and	NULL
violent	NULL
alterations	NULL
in	NULL
the	NULL
direction	NULL
of	NULL
the	NULL
wind	NULL
;	NULL
and	NULL
the	NULL
exceeding	NULL
density	NULL
of	NULL
the	NULL
clouds	NULL
(	NULL
which	NULL
hung	NULL
so	NULL
low	NULL
as	NULL
to	NULL
press	NULL
upon	NULL
the	NULL
turrets	NULL
of	NULL
the	NULL
house	NULL
)	NULL
did	NULL
not	NULL
prevent	NULL
our	NULL
perceiving	NULL
the	NULL
lifelike	NULL
velocity	NULL
with	NULL
which	NULL
they	NULL
flew	NULL
careering	NULL
from	NULL
all	NULL
points	NULL
against	NULL
each	NULL
other	NULL
,	NULL
without	NULL
passing	NULL
away	NULL
into	NULL
the	NULL
distance	NULL
.	NULL

I	NULL
say	NULL
that	NULL
even	NULL
their	NULL
exceeding	NULL
density	NULL
did	NULL
not	NULL
prevent	NULL
our	NULL
perceiving	NULL
this	NULL
--	NULL
yet	NULL
we	NULL
had	NULL
no	NULL
glimpse	NULL
of	NULL
the	NULL
moon	NULL
or	NULL
stars	NULL
--	NULL
nor	NULL
was	NULL
there	NULL
any	NULL
flashing	NULL
forth	NULL
of	NULL
the	NULL
lightning	NULL
.	NULL

But	NULL
the	NULL
under	NULL
surfaces	NULL
of	NULL
the	NULL
huge	NULL
masses	NULL
of	NULL
agitated	NULL
vapor	NULL
,	NULL
as	NULL
well	NULL
as	NULL
all	NULL
terrestrial	NULL
objects	NULL
immediately	NULL
around	NULL
us	NULL
,	NULL
were	NULL
glowing	NULL
in	NULL
the	NULL
unnatural	NULL
light	NULL
of	NULL
a	NULL
faintly	NULL
luminous	NULL
and	NULL
distinctly	NULL
visible	NULL
gaseous	NULL
exhalation	NULL
which	NULL
hung	NULL
about	NULL
and	NULL
enshrouded	NULL
the	NULL
mansion	NULL
.	NULL

"	NULL
You	NULL
must	NULL
not	NULL
--	NULL
you	NULL
shall	NULL
not	NULL
behold	NULL
this	NULL
!	NULL
"	NULL
said	NULL
I	NULL
,	NULL
shudderingly	NULL
,	NULL
to	NULL
Usher	NULL
,	NULL
as	NULL
I	NULL
led	NULL
him	NULL
,	NULL
with	NULL
a	NULL
gentle	NULL
violence	NULL
,	NULL
from	NULL
the	NULL
window	NULL
to	NULL
a	NULL
seat	NULL
.	NULL

"	NULL
These	NULL
appearances	NULL
,	NULL
which	NULL
bewilder	NULL
you	NULL
,	NULL
are	NULL
merely	NULL
electrical	NULL
phenomena	NULL
not	NULL
uncommon	NULL
--	NULL
or	NULL
it	NULL
may	NULL
be	NULL
that	NULL
they	NULL
have	NULL
their	NULL
ghastly	NULL
origin	NULL
in	NULL
the	NULL
rank	NULL
miasma	NULL
of	NULL
the	NULL
tarn	NULL
.	NULL

Let	NULL
us	NULL
close	NULL
this	NULL
casement	NULL
;	NULL
--	NULL
the	NULL
air	NULL
is	NULL
chilling	NULL
and	NULL
dangerous	NULL
to	NULL
your	NULL
frame	NULL
.	NULL

Here	NULL
is	NULL
one	NULL
of	NULL
your	NULL
favourite	NULL
romances	NULL
.	NULL

I	NULL
will	NULL
read	NULL
,	NULL
and	NULL
you	NULL
shall	NULL
listen	NULL
;	NULL
--	NULL
and	NULL
so	NULL
we	NULL
will	NULL
pass	NULL
away	NULL
this	NULL
terrible	NULL
night	NULL
together	NULL
.	NULL
"	NULL

The	NULL
antique	NULL
volume	NULL
which	NULL
I	NULL
had	NULL
taken	NULL
up	NULL
was	NULL
the	NULL
"	NULL
Mad	NULL
Trist	NULL
"	NULL
of	NULL
Sir	NULL
Launcelot	NULL
Canning	NULL
;	NULL
but	NULL
I	NULL
had	NULL
called	NULL
it	NULL
a	NULL
favourite	NULL
of	NULL
Usher	NULL
's	NULL
more	NULL
in	NULL
sad	NULL
jest	NULL
than	NULL
in	NULL
earnest	NULL
;	NULL
for	NULL
,	NULL
in	NULL
truth	NULL
,	NULL
there	NULL
is	NULL
little	NULL
in	NULL
its	NULL
uncouth	NULL
and	NULL
unimaginative	NULL
prolixity	NULL
which	NULL
could	NULL
have	NULL
had	NULL
interest	NULL
for	NULL
the	NULL
lofty	NULL
and	NULL
spiritual	NULL
ideality	NULL
of	NULL
my	NULL
friend	NULL
.	NULL

It	NULL
was	NULL
,	NULL
however	NULL
,	NULL
the	NULL
only	NULL
book	NULL
immediately	NULL
at	NULL
hand	NULL
;	NULL
and	NULL
I	NULL
indulged	NULL
a	NULL
vague	NULL
hope	NULL
that	NULL
the	NULL
excitement	NULL
which	NULL
now	NULL
agitated	NULL
the	NULL
hypochondriac	NULL
,	NULL
might	NULL
find	NULL
relief	NULL
(	NULL
for	NULL
the	NULL
history	NULL
of	NULL
mental	NULL
disorder	NULL
is	NULL
full	NULL
of	NULL
similar	NULL
anomalies	NULL
)	NULL
even	NULL
in	NULL
the	NULL
extremeness	NULL
of	NULL
the	NULL
folly	NULL
which	NULL
I	NULL
should	NULL
read	NULL
.	NULL

Could	NULL
I	NULL
have	NULL
judged	NULL
,	NULL
indeed	NULL
,	NULL
by	NULL
the	NULL
wild	NULL
overstrained	NULL
air	NULL
of	NULL
vivacity	NULL
with	NULL
which	NULL
he	NULL
hearkened	NULL
,	NULL
or	NULL
apparently	NULL
hearkened	NULL
,	NULL
to	NULL
the	NULL
words	NULL
of	NULL
the	NULL
tale	NULL
,	NULL
I	NULL
might	NULL
well	NULL
have	NULL
congratulated	NULL
myself	NULL
upon	NULL
the	NULL
success	NULL
of	NULL
my	NULL
design	NULL
.	NULL

I	NULL
had	NULL
arrived	NULL
at	NULL
that	NULL
well-known	NULL
portion	NULL
of	NULL
the	NULL
story	NULL
where	NULL
Ethelred	NULL
,	NULL
the	NULL
hero	NULL
of	NULL
the	NULL
Trist	NULL
,	NULL
having	NULL
sought	NULL
in	NULL
vain	NULL
for	NULL
peaceable	NULL
admission	NULL
into	NULL
the	NULL
dwelling	NULL
of	NULL
the	NULL
hermit	NULL
,	NULL
proceeds	NULL
to	NULL
make	NULL
good	NULL
an	NULL
entrance	NULL
by	NULL
force	NULL
.	NULL

Here	NULL
,	NULL
it	NULL
will	NULL
be	NULL
remembered	NULL
,	NULL
the	NULL
words	NULL
of	NULL
the	NULL
narrative	NULL
run	NULL
thus	NULL
:	NULL
"	NULL
And	NULL
Ethelred	NULL
,	NULL
who	NULL
was	NULL
by	NULL
nature	NULL
of	NULL
a	NULL
doughty	NULL
heart	NULL
,	NULL
and	NULL
who	NULL
was	NULL
now	NULL
mighty	NULL
withal	NULL
,	NULL
on	NULL
account	NULL
of	NULL
the	NULL
powerfulness	NULL
of	NULL
the	NULL
wine	NULL
which	NULL
he	NULL
had	NULL
drunken	NULL
,	NULL
waited	NULL
no	NULL
longer	NULL
to	NULL
hold	NULL
parley	NULL
with	NULL
the	NULL
hermit	NULL
,	NULL
who	NULL
,	NULL
in	NULL
sooth	NULL
,	NULL
was	NULL
of	NULL
an	NULL
obstinate	NULL
and	NULL
maliceful	NULL
turn	NULL
,	NULL
but	NULL
,	NULL
feeling	NULL
the	NULL
rain	NULL
upon	NULL
his	NULL
shoulders	NULL
,	NULL
and	NULL
fearing	NULL
the	NULL
rising	NULL
of	NULL
the	NULL
tempest	NULL
,	NULL
uplifted	NULL
his	NULL
mace	NULL
outright	NULL
,	NULL
and	NULL
,	NULL
with	NULL
blows	NULL
,	NULL
made	NULL
quickly	NULL
room	NULL
in	NULL
the	NULL
plankings	NULL
of	NULL
the	NULL
door	NULL
for	NULL
his	NULL
gauntleted	NULL
hand	NULL
;	NULL
and	NULL
now	NULL
pulling	NULL
therewith	NULL
sturdily	NULL
,	NULL
he	NULL
so	NULL
cracked	NULL
,	NULL
and	NULL
ripped	NULL
,	NULL
and	NULL
tore	NULL
all	NULL
asunder	NULL
,	NULL
that	NULL
the	NULL
noise	NULL
of	NULL
the	NULL
dry	NULL
and	NULL
hollow-sounding	NULL
wood	NULL
alarmed	NULL
and	NULL
reverberated	NULL
throughout	NULL
the	NULL
forest	NULL
.	NULL
"	NULL

At	NULL
the	NULL
termination	NULL
of	NULL
this	NULL
sentence	NULL
I	NULL
started	NULL
,	NULL
and	NULL
for	NULL
a	NULL
moment	NULL
,	NULL
paused	NULL
;	NULL
for	NULL
it	NULL
appeared	NULL
to	NULL
me	NULL
(	NULL
although	NULL
I	NULL
at	NULL
once	NULL
concluded	NULL
that	NULL
my	NULL
excited	NULL
fancy	NULL
had	NULL
deceived	NULL
me	NULL
)	NULL
--	NULL
it	NULL
appeared	NULL
to	NULL
me	NULL
that	NULL
,	NULL
from	NULL
some	NULL
very	NULL
remote	NULL
portion	NULL
of	NULL
the	NULL
mansion	NULL
,	NULL
there	NULL
came	NULL
,	NULL
indistinctly	NULL
,	NULL
to	NULL
my	NULL
ears	NULL
,	NULL
what	NULL
might	NULL
have	NULL
been	NULL
,	NULL
in	NULL
its	NULL
exact	NULL
similarity	NULL
of	NULL
character	NULL
,	NULL
the	NULL
echo	NULL
(	NULL
but	NULL
a	NULL
stifled	NULL
and	NULL
dull	NULL
one	NULL
certainly	NULL
)	NULL
of	NULL
the	NULL
very	NULL
cracking	NULL
and	NULL
ripping	NULL
sound	NULL
which	NULL
Sir	NULL
Launcelot	NULL
had	NULL
so	NULL
particularly	NULL
described	NULL
.	NULL

It	NULL
was	NULL
,	NULL
beyond	NULL
doubt	NULL
,	NULL
the	NULL
coincidence	NULL
alone	NULL
which	NULL
had	NULL
arrested	NULL
my	NULL
attention	NULL
;	NULL
for	NULL
,	NULL
amid	NULL
the	NULL
rattling	NULL
of	NULL
the	NULL
sashes	NULL
of	NULL
the	NULL
casements	NULL
,	NULL
and	NULL
the	NULL
ordinary	NULL
commingled	NULL
noises	NULL
of	NULL
the	NULL
still	NULL
increasing	NULL
storm	NULL
,	NULL
the	NULL
sound	NULL
,	NULL
in	NULL
itself	NULL
,	NULL
had	NULL
nothing	NULL
,	NULL
surely	NULL
,	NULL
which	NULL
should	NULL
have	NULL
interested	NULL
or	NULL
disturbed	NULL
me	NULL
.	NULL

I	NULL
continued	NULL
the	NULL
story	NULL
:	NULL
"	NULL
But	NULL
the	NULL
good	NULL
champion	NULL
Ethelred	NULL
,	NULL
now	NULL
entering	NULL
within	NULL
the	NULL
door	NULL
,	NULL
was	NULL
sore	NULL
enraged	NULL
and	NULL
amazed	NULL
to	NULL
perceive	NULL
no	NULL
signal	NULL
of	NULL
the	NULL
maliceful	NULL
hermit	NULL
;	NULL
but	NULL
,	NULL
in	NULL
the	NULL
stead	NULL
thereof	NULL
,	NULL
a	NULL
dragon	NULL
of	NULL
a	NULL
scaly	NULL
and	NULL
prodigious	NULL
demeanour	NULL
,	NULL
and	NULL
of	NULL
a	NULL
fiery	NULL
tongue	NULL
,	NULL
which	NULL
sate	NULL
in	NULL
guard	NULL
before	NULL
a	NULL
palace	NULL
of	NULL
gold	NULL
,	NULL
with	NULL
a	NULL
floor	NULL
of	NULL
silver	NULL
;	NULL
and	NULL
upon	NULL
the	NULL
wall	NULL
there	NULL
hung	NULL
a	NULL
shield	NULL
of	NULL
shining	NULL
brass	NULL
with	NULL
this	NULL
legend	NULL
enwritten	NULL
--	NULL
Who	NULL
entereth	NULL
herein	NULL
,	NULL
a	NULL
conquerer	NULL
hath	NULL
bin	NULL
;	NULL
Who	NULL
slayeth	NULL
the	NULL
dragon	NULL
,	NULL
the	NULL
shield	NULL
he	NULL
shall	NULL
win	NULL
;	NULL
and	NULL
Ethelred	NULL
uplifted	NULL
his	NULL
mace	NULL
,	NULL
and	NULL
struck	NULL
upon	NULL
the	NULL
head	NULL
of	NULL
the	NULL
dragon	NULL
,	NULL
which	NULL
fell	NULL
before	NULL
him	NULL
,	NULL
and	NULL
gave	NULL
up	NULL
his	NULL
pesty	NULL
breath	NULL
,	NULL
with	NULL
a	NULL
shriek	NULL
so	NULL
horrid	NULL
and	NULL
harsh	NULL
,	NULL
and	NULL
withal	NULL
so	NULL
piercing	NULL
,	NULL
that	NULL
Ethelred	NULL
had	NULL
fain	NULL
to	NULL
close	NULL
his	NULL
ears	NULL
with	NULL
his	NULL
hands	NULL
against	NULL
the	NULL
dreadful	NULL
noise	NULL
of	NULL
it	NULL
,	NULL
the	NULL
like	NULL
whereof	NULL
was	NULL
never	NULL
before	NULL
heard	NULL
.	NULL
"	NULL

Here	NULL
again	NULL
I	NULL
paused	NULL
abruptly	NULL
,	NULL
and	NULL
now	NULL
with	NULL
a	NULL
feeling	NULL
of	NULL
wild	NULL
amazement	NULL
--	NULL
for	NULL
there	NULL
could	NULL
be	NULL
no	NULL
doubt	NULL
whatever	NULL
that	NULL
,	NULL
in	NULL
this	NULL
instance	NULL
,	NULL
I	NULL
did	NULL
actually	NULL
hear	NULL
(	NULL
although	NULL
from	NULL
what	NULL
direction	NULL
it	NULL
proceeded	NULL
I	NULL
found	NULL
it	NULL
impossible	NULL
to	NULL
say	NULL
)	NULL
a	NULL
low	NULL
and	NULL
apparently	NULL
distant	NULL
,	NULL
but	NULL
harsh	NULL
,	NULL
protracted	NULL
,	NULL
and	NULL
most	NULL
unusual	NULL
screaming	NULL
or	NULL
grating	NULL
sound	NULL
--	NULL
the	NULL
exact	NULL
counterpart	NULL
of	NULL
what	NULL
my	NULL
fancy	NULL
had	NULL
already	NULL
conjured	NULL
up	NULL
for	NULL
the	NULL
dragon	NULL
's	NULL
unnatural	NULL
shriek	NULL
as	NULL
described	NULL
by	NULL
the	NULL
romancer	NULL
.	NULL

Oppressed	NULL
,	NULL
as	NULL
I	NULL
certainly	NULL
was	NULL
,	NULL
upon	NULL
the	NULL
occurrence	NULL
of	NULL
the	NULL
second	NULL
and	NULL
most	NULL
extraordinary	NULL
coincidence	NULL
,	NULL
by	NULL
a	NULL
thousand	NULL
conflicting	NULL
sensations	NULL
,	NULL
in	NULL
which	NULL
wonder	NULL
and	NULL
extreme	NULL
terror	NULL
were	NULL
predominant	NULL
,	NULL
I	NULL
still	NULL
retained	NULL
sufficient	NULL
presence	NULL
of	NULL
mind	NULL
to	NULL
avoid	NULL
exciting	NULL
,	NULL
by	NULL
any	NULL
observation	NULL
,	NULL
the	NULL
sensitive	NULL
nervousness	NULL
of	NULL
my	NULL
companion	NULL
.	NULL

I	NULL
was	NULL
by	NULL
no	NULL
means	NULL
certain	NULL
that	NULL
he	NULL
had	NULL
noticed	NULL
the	NULL
sounds	NULL
in	NULL
question	NULL
;	NULL
although	NULL
,	NULL
assuredly	NULL
,	NULL
a	NULL
strange	NULL
alteration	NULL
had	NULL
,	NULL
during	NULL
the	NULL
last	NULL
few	NULL
minutes	NULL
,	NULL
taken	NULL
place	NULL
in	NULL
his	NULL
demeanour	NULL
.	NULL

From	NULL
a	NULL
position	NULL
fronting	NULL
my	NULL
own	NULL
,	NULL
he	NULL
had	NULL
gradually	NULL
brought	NULL
round	NULL
his	NULL
chair	NULL
,	NULL
so	NULL
as	NULL
to	NULL
sit	NULL
with	NULL
his	NULL
face	NULL
to	NULL
the	NULL
door	NULL
of	NULL
the	NULL
chamber	NULL
;	NULL
and	NULL
thus	NULL
I	NULL
could	NULL
but	NULL
partially	NULL
perceive	NULL
his	NULL
features	NULL
,	NULL
although	NULL
I	NULL
saw	NULL
that	NULL
his	NULL
lips	NULL
trembled	NULL
as	NULL
if	NULL
he	NULL
were	NULL
murmuring	NULL
inaudibly	NULL
.	NULL

His	NULL
head	NULL
had	NULL
dropped	NULL
upon	NULL
his	NULL
breast	NULL
--	NULL
yet	NULL
I	NULL
knew	NULL
that	NULL
he	NULL
was	NULL
not	NULL
asleep	NULL
,	NULL
from	NULL
the	NULL
wide	NULL
and	NULL
rigid	NULL
opening	NULL
of	NULL
the	NULL
eye	NULL
as	NULL
I	NULL
caught	NULL
a	NULL
glance	NULL
of	NULL
it	NULL
in	NULL
profile	NULL
.	NULL

The	NULL
motion	NULL
of	NULL
his	NULL
body	NULL
,	NULL
too	NULL
,	NULL
was	NULL
at	NULL
variance	NULL
with	NULL
this	NULL
idea	NULL
--	NULL
for	NULL
he	NULL
rocked	NULL
from	NULL
side	NULL
to	NULL
side	NULL
with	NULL
a	NULL
gentle	NULL
yet	NULL
constant	NULL
and	NULL
uniform	NULL
sway	NULL
.	NULL

Having	NULL
rapidly	NULL
taken	NULL
notice	NULL
of	NULL
all	NULL
this	NULL
,	NULL
I	NULL
resumed	NULL
the	NULL
narrative	NULL
of	NULL
Sir	NULL
Launcelot	NULL
,	NULL
which	NULL
thus	NULL
proceeded	NULL
:	NULL
"	NULL
And	NULL
now	NULL
,	NULL
the	NULL
champion	NULL
,	NULL
having	NULL
escaped	NULL
from	NULL
the	NULL
terrible	NULL
fury	NULL
of	NULL
the	NULL
dragon	NULL
,	NULL
bethinking	NULL
himself	NULL
of	NULL
the	NULL
brazen	NULL
shield	NULL
,	NULL
and	NULL
of	NULL
the	NULL
breaking	NULL
up	NULL
of	NULL
the	NULL
enchantment	NULL
which	NULL
was	NULL
upon	NULL
it	NULL
,	NULL
removed	NULL
the	NULL
carcass	NULL
from	NULL
out	NULL
of	NULL
the	NULL
way	NULL
before	NULL
him	NULL
,	NULL
and	NULL
approached	NULL
valorously	NULL
over	NULL
the	NULL
silver	NULL
pavement	NULL
of	NULL
the	NULL
castle	NULL
to	NULL
where	NULL
the	NULL
shield	NULL
was	NULL
upon	NULL
the	NULL
wall	NULL
;	NULL
which	NULL
in	NULL
sooth	NULL
tarried	NULL
not	NULL
for	NULL
his	NULL
full	NULL
coming	NULL
,	NULL
but	NULL
fell	NULL
down	NULL
at	NULL
his	NULL
feet	NULL
upon	NULL
the	NULL
silver	NULL
floor	NULL
,	NULL
with	NULL
a	NULL
mighty	NULL
great	NULL
and	NULL
terrible	NULL
ringing	NULL
sound	NULL
.	NULL
"	NULL

No	NULL
sooner	NULL
had	NULL
these	NULL
syllables	NULL
passed	NULL
my	NULL
lips	NULL
,	NULL
than	NULL
--	NULL
as	NULL
if	NULL
a	NULL
shield	NULL
of	NULL
brass	NULL
had	NULL
indeed	NULL
,	NULL
at	NULL
the	NULL
moment	NULL
,	NULL
fallen	NULL
heavily	NULL
upon	NULL
a	NULL
floor	NULL
of	NULL
silver	NULL
--	NULL
I	NULL
became	NULL
aware	NULL
of	NULL
a	NULL
distinct	NULL
,	NULL
hollow	NULL
,	NULL
metallic	NULL
,	NULL
and	NULL
clangorous	NULL
,	NULL
yet	NULL
apparently	NULL
muffled	NULL
reverberation	NULL
.	NULL

Completely	NULL
unnerved	NULL
,	NULL
I	NULL
leaped	NULL
to	NULL
my	NULL
feet	NULL
;	NULL
but	NULL
the	NULL
measured	NULL
rocking	NULL
movement	NULL
of	NULL
Usher	NULL
was	NULL
undisturbed	NULL
.	NULL

I	NULL
rushed	NULL
to	NULL
the	NULL
chair	NULL
in	NULL
which	NULL
he	NULL
sat	NULL
.	NULL

His	NULL
eyes	NULL
were	NULL
bent	NULL
fixedly	NULL
before	NULL
him	NULL
,	NULL
and	NULL
throughout	NULL
his	NULL
whole	NULL
countenance	NULL
there	NULL
reigned	NULL
a	NULL
stony	NULL
rigidity	NULL
.	NULL

But	NULL
,	NULL
as	NULL
I	NULL
placed	NULL
my	NULL
hand	NULL
upon	NULL
his	NULL
shoulder	NULL
,	NULL
there	NULL
came	NULL
a	NULL
strong	NULL
shudder	NULL
over	NULL
his	NULL
whole	NULL
person	NULL
;	NULL
a	NULL
sickly	NULL
smile	NULL
quivered	NULL
about	NULL
his	NULL
lips	NULL
;	NULL
and	NULL
I	NULL
saw	NULL
that	NULL
he	NULL
spoke	NULL
in	NULL
a	NULL
low	NULL
,	NULL
hurried	NULL
,	NULL
and	NULL
gibbering	NULL
murmur	NULL
,	NULL
as	NULL
if	NULL
unconscious	NULL
of	NULL
my	NULL
presence	NULL
.	NULL

Bending	NULL
closely	NULL
over	NULL
him	NULL
,	NULL
I	NULL
at	NULL
length	NULL
drank	NULL
in	NULL
the	NULL
hideous	NULL
import	NULL
of	NULL
his	NULL
words	NULL
.	NULL

"	NULL
Not	NULL
hear	NULL
it	NULL
?	NULL

--	NULL
yes	NULL
,	NULL
I	NULL
hear	NULL
it	NULL
,	NULL
and	NULL
have	NULL
heard	NULL
it	NULL
.	NULL

Long	NULL
--	NULL
long	NULL
--	NULL
long	NULL
--	NULL
many	NULL
minutes	NULL
,	NULL
many	NULL
hours	NULL
,	NULL
many	NULL
days	NULL
,	NULL
have	NULL
I	NULL
heard	NULL
it	NULL
--	NULL
yet	NULL
I	NULL
dared	NULL
not	NULL
--	NULL
oh	NULL
,	NULL
pity	NULL
me	NULL
,	NULL
miserable	NULL
wretch	NULL
that	NULL
I	NULL
am	NULL
!	NULL

--	NULL
I	NULL
dared	NULL
not	NULL
--	NULL
I	NULL
dared	NULL
not	NULL
speak	NULL
!	NULL

We	NULL
have	NULL
put	NULL
her	NULL
living	NULL
in	NULL
the	NULL
tomb	NULL
!	NULL

Said	NULL
I	NULL
not	NULL
that	NULL
my	NULL
senses	NULL
were	NULL
acute	NULL
?	NULL

I	NULL
now	NULL
tell	NULL
you	NULL
that	NULL
I	NULL
heard	NULL
her	NULL
first	NULL
feeble	NULL
movements	NULL
in	NULL
the	NULL
hollow	NULL
coffin	NULL
.	NULL

I	NULL
heard	NULL
them	NULL
--	NULL
many	NULL
,	NULL
many	NULL
days	NULL
ago	NULL
--	NULL
yet	NULL
I	NULL
dared	NULL
not	NULL
--	NULL
I	NULL
dared	NULL
not	NULL
speak	NULL
!	NULL

And	NULL
now	NULL
--	NULL
to-night	NULL
--	NULL
Ethelred	NULL
--	NULL
ha	NULL
!	NULL

ha	NULL
!	NULL

--	NULL
the	NULL
breaking	NULL
of	NULL
the	NULL
hermit	NULL
's	NULL
door	NULL
,	NULL
and	NULL
the	NULL
death-cry	NULL
of	NULL
the	NULL
dragon	NULL
,	NULL
and	NULL
the	NULL
clangour	NULL
of	NULL
the	NULL
shield	NULL
!	NULL

--	NULL
say	NULL
,	NULL
rather	NULL
,	NULL
the	NULL
rending	NULL
of	NULL
her	NULL
coffin	NULL
,	NULL
and	NULL
the	NULL
grating	NULL
of	NULL
the	NULL
iron	NULL
hinges	NULL
of	NULL
her	NULL
prison	NULL
,	NULL
and	NULL
her	NULL
struggles	NULL
within	NULL
the	NULL
coppered	NULL
archway	NULL
of	NULL
the	NULL
vault	NULL
!	NULL

Oh	NULL
whither	NULL
shall	NULL
I	NULL
fly	NULL
?	NULL

Will	NULL
she	NULL
not	NULL
be	NULL
here	NULL
anon	NULL
?	NULL

Is	NULL
she	NULL
not	NULL
hurrying	NULL
to	NULL
upbraid	NULL
me	NULL
for	NULL
my	NULL
haste	NULL
?	NULL

Have	NULL
I	NULL
not	NULL
heard	NULL
her	NULL
footsteps	NULL
on	NULL
the	NULL
stair	NULL
?	NULL

Do	NULL
I	NULL
not	NULL
distinguish	NULL
that	NULL
heavy	NULL
and	NULL
horrible	NULL
beating	NULL
of	NULL
her	NULL
heart	NULL
?	NULL

Madman	NULL
!	NULL
"	NULL
here	NULL
he	NULL
sprang	NULL
furiously	NULL
to	NULL
his	NULL
feet	NULL
,	NULL
and	NULL
shrieked	NULL
out	NULL
his	NULL
syllables	NULL
,	NULL
as	NULL
if	NULL
in	NULL
the	NULL
effort	NULL
he	NULL
were	NULL
giving	NULL
up	NULL
his	NULL
soul	NULL
--	NULL
"	NULL
Madman	NULL
!	NULL

I	NULL
tell	NULL
you	NULL
that	NULL
she	NULL
now	NULL
stands	NULL
without	NULL
the	NULL
door	NULL
!	NULL
"	NULL

As	NULL
if	NULL
in	NULL
the	NULL
superhuman	NULL
energy	NULL
of	NULL
his	NULL
utterance	NULL
there	NULL
had	NULL
been	NULL
found	NULL
the	NULL
potency	NULL
of	NULL
a	NULL
spell	NULL
--	NULL
the	NULL
huge	NULL
antique	NULL
panels	NULL
to	NULL
which	NULL
the	NULL
speaker	NULL
pointed	NULL
,	NULL
threw	NULL
slowly	NULL
back	NULL
,	NULL
upon	NULL
the	NULL
instant	NULL
,	NULL
their	NULL
ponderous	NULL
and	NULL
ebony	NULL
jaws	NULL
.	NULL

It	NULL
was	NULL
the	NULL
work	NULL
of	NULL
the	NULL
rushing	NULL
gust	NULL
--	NULL
but	NULL
then	NULL
without	NULL
those	NULL
doors	NULL
there	NULL
DID	NULL
stand	NULL
the	NULL
lofty	NULL
and	NULL
enshrouded	NULL
figure	NULL
of	NULL
the	NULL
lady	NULL
Madeline	NULL
of	NULL
Usher	NULL
.	NULL

There	NULL
was	NULL
blood	NULL
upon	NULL
her	NULL
white	NULL
robes	NULL
,	NULL
and	NULL
the	NULL
evidence	NULL
of	NULL
some	NULL
bitter	NULL
struggle	NULL
upon	NULL
every	NULL
portion	NULL
of	NULL
her	NULL
emaciated	NULL
frame	NULL
.	NULL

For	NULL
a	NULL
moment	NULL
she	NULL
remained	NULL
trembling	NULL
and	NULL
reeling	NULL
to	NULL
and	NULL
fro	NULL
upon	NULL
the	NULL
threshold	NULL
,	NULL
--	NULL
then	NULL
,	NULL
with	NULL
a	NULL
low	NULL
moaning	NULL
cry	NULL
,	NULL
fell	NULL
heavily	NULL
inward	NULL
upon	NULL
the	NULL
person	NULL
of	NULL
her	NULL
brother	NULL
,	NULL
and	NULL
in	NULL
her	NULL
violent	NULL
and	NULL
now	NULL
final	NULL
death-agonies	NULL
,	NULL
bore	NULL
him	NULL
to	NULL
the	NULL
floor	NULL
a	NULL
corpse	NULL
,	NULL
and	NULL
a	NULL
victim	NULL
to	NULL
the	NULL
terrors	NULL
he	NULL
had	NULL
anticipated	NULL
.	NULL

From	NULL
that	NULL
chamber	NULL
,	NULL
and	NULL
from	NULL
that	NULL
mansion	NULL
,	NULL
I	NULL
fled	NULL
aghast	NULL
.	NULL

The	NULL
storm	NULL
was	NULL
still	NULL
abroad	NULL
in	NULL
all	NULL
its	NULL
wrath	NULL
as	NULL
I	NULL
found	NULL
myself	NULL
crossing	NULL
the	NULL
old	NULL
causeway	NULL
.	NULL

Suddenly	NULL
there	NULL
shot	NULL
along	NULL
the	NULL
path	NULL
a	NULL
wild	NULL
light	NULL
,	NULL
and	NULL
I	NULL
turned	NULL
to	NULL
see	NULL
whence	NULL
a	NULL
gleam	NULL
so	NULL
unusual	NULL
could	NULL
have	NULL
issued	NULL
;	NULL
for	NULL
the	NULL
vast	NULL
house	NULL
and	NULL
its	NULL
shadows	NULL
were	NULL
alone	NULL
behind	NULL
me	NULL
.	NULL

The	NULL
radiance	NULL
was	NULL
that	NULL
of	NULL
the	NULL
full	NULL
,	NULL
setting	NULL
,	NULL
and	NULL
blood-red	NULL
moon	NULL
which	NULL
now	NULL
shone	NULL
vividly	NULL
through	NULL
that	NULL
once	NULL
barely-discernible	NULL
fissure	NULL
of	NULL
which	NULL
I	NULL
have	NULL
before	NULL
spoken	NULL
as	NULL
extending	NULL
from	NULL
the	NULL
roof	NULL
of	NULL
the	NULL
building	NULL
,	NULL
in	NULL
a	NULL
zigzag	NULL
direction	NULL
,	NULL
to	NULL
the	NULL
base	NULL
.	NULL

While	NULL
I	NULL
gazed	NULL
,	NULL
this	NULL
fissure	NULL
rapidly	NULL
widened	NULL
--	NULL
there	NULL
came	NULL
a	NULL
fierce	NULL
breath	NULL
of	NULL
the	NULL
whirlwind	NULL
--	NULL
the	NULL
entire	NULL
orb	NULL
of	NULL
the	NULL
satellite	NULL
burst	NULL
at	NULL
once	NULL
upon	NULL
my	NULL
sight	NULL
--	NULL
my	NULL
brain	NULL
reeled	NULL
as	NULL
I	NULL
saw	NULL
the	NULL
mighty	NULL
walls	NULL
rushing	NULL
asunder	NULL
--	NULL
there	NULL
was	NULL
a	NULL
long	NULL
tumultuous	NULL
shouting	NULL
sound	NULL
like	NULL
the	NULL
voice	NULL
of	NULL
a	NULL
thousand	NULL
waters	NULL
--	NULL
and	NULL
the	NULL
deep	NULL
and	NULL
dank	NULL
tarn	NULL
at	NULL
my	NULL
feet	NULL
closed	NULL
sullenly	NULL
and	NULL
silently	NULL
over	NULL
the	NULL
fragments	NULL
of	NULL
the	NULL
"	NULL
House	NULL
of	NULL
Usher	NULL
"	NULL
.	NULL

